,,Game,Game,Def,Def,Def,Def,Def,Fumb,Fumb,Fumb,Fumb,Fumb,,Tack,Tack,Tack,Tack,
Player,Pos,G,GS,Int,IntYds,IntTD,IntLong,PD,FF,Fmb,FR,FmbYds,FumbTD,Sacks,Comb,Solo,Ast,TFL,Sfty
,,,,,,,,,,,,,,,,,,,
Budda Baker,fs,16,16,0,0,0,0,6,1,0,1,0,0,0.5,147,104,43,7,0
Zach Cunningham,LB,16,16,0,0,0,0,2,0,0,2,24,0,2,142,99,43,7,0
Blake Martinez,LB,16,16,1,22,0,22,2,1,0,0,0,0,3,155,97,58,5,0
Eric Reid,FS,16,16,0,0,0,0,6,1,0,2,0,0,4,130,97,33,7,0
Jordan Hicks,LB,16,16,3,64,0,48,6,2,0,1,0,0,1.5,150,93,57,11,0
Joe Schobert,LB,16,16,4,24,0,20,9,2,0,1,21,0,2,133,89,44,7,0
Fred Warner,LB,16,16,1,46,1,46,9,3,0,0,0,0,3,118,89,29,7,0
Demario Davis,LB,16,16,1,1,0,1,12,0,0,0,0,0,4,111,87,24,11,0
Bobby Wagner,LB,16,16,1,6,0,6,6,1,0,1,5,0,3,159,86,73,7,0
Anthony Walker,LB,16,16,1,0,0,0,2,1,0,0,0,0,2.5,124,84,40,6,0
Jaylon Smith,LB,16,16,1,0,0,0,9,2,0,1,6,0,2.5,142,83,59,6,0
Lavonte David,LB,16,16,1,26,0,26,7,3,0,1,0,0,1,123,82,41,10,0
Tracy Walker,DB,13,12,1,0,0,0,8,1,0,0,0,0,0,103,82,21,6,0
Antoine Bethea,fs,16,16,1,7,0,7,6,0,0,2,0,0,0,110,81,29,2,0
Luke Kuechly,LB,16,16,2,26,0,25,12,0,0,0,0,0,0,144,81,63,4,1
Shawn Williams,fs,16,15,1,12,0,12,3,0,0,0,0,0,1,114,80,34,5,0
Tahir Whitehead,lb,16,16,0,0,0,0,1,0,0,0,0,0,0,108,79,29,6,0
Landon Collins,ss,15,15,0,0,0,0,4,2,0,0,0,0,1,117,78,39,9,0
Todd Davis,LB,14,14,0,0,0,0,1,0,0,0,0,0,0,134,78,56,6,0
Cory Littleton,LB,16,16,2,32,0,26,9,2,0,4,16,0,3.5,134,78,56,6,0
Jerome Baker,LB,16,15,1,34,0,34,4,2,0,0,0,0,1.5,126,76,50,3,0
De'Vondre Campbell,LB,16,15,2,-5,0,0,5,3,0,1,0,0,2,129,75,54,6,0
Shaq Thompson,LB,14,14,0,0,0,0,3,0,0,0,0,0,3,109,75,34,11,0
Cole Holcomb,LB,16,15,0,0,0,0,1,3,0,0,0,0,1,105,74,31,6,0
Logan Ryan,CB,16,16,4,16,0,16,18,4,0,0,0,0,4.5,113,73,40,4,0
Devin Bush,LB,16,15,2,6,0,6,4,1,0,4,20,1,1,109,72,37,9,0
Kyle Fuller,DB,16,16,3,37,0,29,12,0,0,0,0,0,0,82,72,10,1,0
Jessie Bates,fs,16,16,3,33,0,20,9,1,0,1,0,0,0,100,71,29,0,0
Terrell Edmunds,fs,16,16,0,0,0,0,3,0,0,0,0,0,0,105,71,34,2,0
Darius Leonard,LB,13,13,5,92,1,80,7,2,0,0,0,0,5,121,71,50,7,0
Jordan Poyer,fs,16,16,2,0,0,0,3,3,0,3,0,0,1,107,71,36,4,0
Eric Kendricks,LB,15,15,0,0,0,0,12,2,0,2,25,0,0.5,110,70,40,4,0
Jayon Brown,LB,14,14,1,0,0,0,8,0,0,1,47,1,1,105,69,36,3,0
Rashaan Evans,LB,16,16,0,0,0,0,0,0,0,1,53,1,2.5,111,69,42,9,0
Eric Weddle,S,16,16,0,0,0,0,4,0,0,0,0,0,0,108,69,39,1,0
Tavon Wilson,S,16,13,0,0,0,0,5,0,0,2,14,0,1,98,69,29,3,0
Adrian Amos,S,16,16,2,12,0,9,8,0,0,0,0,0,1,84,68,16,4,0
Deion Jones,LB,16,16,1,27,1,27,5,0,0,1,5,0,0,110,68,42,8,0
K.J. Wright,LB,16,16,3,10,0,11,11,0,0,0,0,0,0,132,67,65,5,0
Vonn Bell,S,13,13,1,19,0,19,5,2,0,5,38,1,1.5,89,66,23,4,0
Tremaine Edmunds,LB,16,16,1,0,0,0,9,0,0,0,0,0,1.5,115,66,49,10,1
Byron Murphy,CB,16,16,1,0,0,0,10,0,0,0,0,0,0,78,66,12,3,0
Roquan Smith,LB,12,12,1,0,0,0,2,0,0,0,0,0,2,101,66,35,5,0
Levi Wallace,CB,16,16,2,2,0,2,9,0,0,0,0,0,0,76,66,10,4,0
Thomas Davis,LB,16,16,0,0,0,0,2,0,0,0,0,0,1,112,65,47,3,0
Tre Flowers,CB,15,15,3,0,0,0,8,1,0,1,0,0,2,82,65,17,2,0
Matt Milano,LB,15,15,0,0,0,0,9,1,0,1,0,0,1.5,101,65,36,7,0
Justin Simmons,S,16,16,4,30,0,17,15,0,1,0,0,0,0,93,65,28,2,0
Harrison Smith,S,15,15,3,13,0,13,11,3,0,2,0,0,1,85,65,20,4,0
Dre Greenlaw,LB,16,11,1,47,0,47,2,0,0,0,0,0,1,92,64,28,3,0
Erik Harris,S,16,14,3,145,2,59,8,0,0,0,0,0,0,74,64,10,1,0
Malcolm Jenkins,S,16,16,0,0,0,0,8,4,0,1,0,0,2.5,81,63,18,6,0
Tyrann Mathieu,S,16,16,4,70,0,35,12,0,0,0,0,0,2,75,63,12,3,0
Ha Ha Clinton-Dix,DB,16,16,2,96,1,59,5,0,0,2,1,0,0,78,62,16,0,0
Taylor Rapp,S,15,10,2,54,1,31,8,0,0,1,0,0,0,100,62,38,3,0
Jamal Adams,S,14,14,1,61,1,61,7,2,0,1,25,1,6.5,75,61,14,10,0
Drue Tranquill,lb,15,3,0,0,0,0,1,0,0,0,0,0,0,75,61,14,4,0
Kevin Byard,FS,16,16,5,79,0,28,9,0,0,0,0,0,0,84,60,24,2,0
Nick Vigil,LB,16,16,1,34,0,34,5,1,0,2,13,0,1,111,60,51,3,0
Joe Haden,CB,16,16,5,20,0,16,17,1,0,1,3,0,0,65,59,6,3,0
Rashaan Melvin,CB,13,12,0,0,0,0,11,0,0,0,0,0,0,68,59,9,0,0
Mark Barron,LB,15,9,1,0,0,0,3,0,0,1,22,0,3,82,58,24,4,0
Jamie Collins,LB,16,15,3,85,1,69,7,3,0,1,0,0,7,81,58,23,10,0
Darryl Roberts,CB,13,10,1,13,0,13,6,0,0,0,0,0,0,63,58,5,1,0
Devin White,LB,13,13,1,5,0,5,3,3,0,4,121,2,2.5,91,58,33,4,0
Justin Reid,S,15,15,2,55,0,37,5,0,0,1,0,0,0,78,57,21,1,0
Jarrod Wilson,S,16,16,2,4,0,4,4,1,0,0,0,0,0,79,57,22,6,0
Mack Wilson,LB,16,14,1,21,0,21,7,1,0,0,0,0,1,82,57,25,4,0
Jonathan Bostic,LB,16,16,1,26,0,26,2,0,0,0,0,0,1,105,56,49,3,0
Kevin King,CB,15,14,5,54,0,39,15,1,0,0,0,0,1,66,56,10,3,0
Nick Kwiatkoski,LB,16,8,1,4,0,4,4,1,0,0,0,0,3,76,56,20,8,1
Charvarius Ward,CB,16,16,2,10,0,10,10,1,0,0,0,0,0,74,56,18,0,0
Trae Waynes,CB,14,14,1,0,0,0,8,2,0,1,20,0,0,58,56,2,4,0
Sean Lee,LB,16,13,1,25,0,25,4,0,0,0,0,0,1,86,55,31,4,0
Ricardo Allen,S,16,16,2,29,0,27,8,0,0,0,0,0,0,85,54,31,4,0
Anthony Barr,LB,14,14,1,2,0,2,4,1,0,1,19,0,1.5,79,54,25,6,1
Carlton Davis,CB,14,14,1,0,0,0,19,1,0,1,6,0,0,60,54,6,3,0
Benardrick McKinney,LB,14,14,0,0,0,0,3,1,0,2,1,0,1,101,54,47,4,0
Xavier Rhodes,CB,15,15,0,0,0,0,6,1,0,0,0,0,0,63,54,9,5,0
Eric Rowe,CB,16,15,1,35,1,35,8,1,0,0,0,0,0,81,54,27,1,0
Rock Ya-Sin,CB,15,13,1,0,0,0,5,0,0,1,0,0,0,62,54,8,2,0
Eli Apple,CB,15,15,0,0,0,0,4,1,0,0,0,0,0,58,53,5,0,0
Tre Boston,db,16,16,3,20,0,20,11,0,0,0,0,0,0,68,53,15,1,0
Marlon Humphrey,CB,16,15,3,14,0,14,14,2,0,3,91,2,0,65,53,12,4,0
Nicholas Morrow,LB,16,8,1,11,0,11,4,0,0,0,0,0,0,73,53,20,2,0
Khari Willis,S,14,9,0,0,0,0,1,0,0,0,0,0,0,71,53,18,2,0
Nathan Gerry,LB,16,12,2,51,1,51,5,0,0,1,0,0,2.5,78,52,26,4,0
Vernon Hargreaves,NA,15,11,1,15,1,15,6,0,0,1,2,0,0,61,52,9,1,0
Mike Hilton,CB,16,8,1,1,0,1,11,1,0,1,0,0,1.5,65,52,13,6,0
Danielle Hunter,DE,16,16,0,0,0,0,0,3,0,1,4,0,14.5,70,52,18,15,0
David Mayo,LB,16,13,0,0,0,0,2,0,0,1,0,0,2,82,52,30,5,0
Bradley McDougald,SS,15,14,2,0,0,0,6,1,0,1,0,0,0.5,70,52,18,1,0
Steven Nelson,CB,15,15,1,33,0,33,8,0,0,1,0,0,0,61,52,9,0,0
Damien Wilson,LB,16,16,0,0,0,0,1,1,0,0,0,0,1.5,81,52,29,3,0
Xavier Woods,db,15,15,2,38,0,29,5,2,0,1,9,0,0,77,52,25,1,0
James Bradberry,CB,15,15,3,0,0,0,12,0,0,0,0,0,1,65,51,14,1,0
James Burgess,LB,10,10,1,2,0,2,5,1,1,1,-4,0,0.5,80,51,29,8,1
Cameron Heyward,DT,16,16,0,0,0,0,6,1,0,1,0,0,9,83,51,32,11,0
Anthony Hitchens,LB,15,15,0,0,0,0,1,1,0,0,0,0,2,88,51,37,4,0
Eddie Jackson,DB,16,16,2,18,0,14,5,1,0,1,3,0,1,60,51,9,5,0
Alexander Johnson,LB,15,12,1,0,0,0,3,2,0,1,0,0,1.5,93,51,42,5,0
Jabrill Peppers,S,11,11,1,32,1,32,5,3,0,0,0,0,0,76,51,25,5,0
Kenny Vaccaro,S,16,16,1,2,0,2,5,0,0,0,0,0,1,84,51,33,3,0
Jimmie Ward,DB,13,13,0,0,0,0,8,0,0,0,0,0,1,65,51,14,2,0
Daryl Worley,CB,15,15,1,0,0,0,8,0,0,1,6,0,0,58,51,7,1,0
Jaire Alexander,CB,16,16,2,37,0,37,17,1,0,1,0,0,0,58,50,8,2,0
A.J. Bouye,CB,14,14,1,25,0,25,8,0,0,0,0,0,0,65,50,15,1,0
Micah Hyde,S,16,16,1,0,0,0,2,2,0,1,31,0,0,72,50,22,1,0
Janoris Jenkins,NA,15,14,5,84,0,62,16,0,0,0,0,0,0,61,50,11,0,0
Marcus Maye,S,16,16,1,0,0,0,7,0,0,0,0,0,0,65,50,15,1,0
Kenny Moore,CB,11,11,2,36,0,35,3,0,0,1,1,0,2.5,61,50,11,4,0
Isaiah Oliver,CB,16,16,0,0,0,0,11,1,0,0,0,0,0,62,50,12,0,0
Denzel Perryman,LB,14,10,1,0,0,0,1,1,0,0,0,0,0,68,50,18,5,0
Germaine Pratt,LB,16,9,0,0,0,0,0,0,0,0,0,0,0,76,50,26,4,0
Danny Trevathan,LB,9,9,0,0,0,0,1,1,0,0,0,0,1,70,50,20,2,0
Jordan Whitehead,db,14,14,1,11,0,11,9,0,0,1,0,0,0,69,50,19,4,0
Bud Dupree,LB,16,16,0,0,0,0,3,4,0,2,0,0,11.5,68,49,19,16,0
Chidobe Awuzie,CB,16,16,1,0,0,0,14,0,0,1,0,0,0,79,48,31,1,0
Deandre Baker,CB,16,15,0,0,0,0,8,0,0,0,0,0,0,61,48,13,2,0
Ross Cockrell,CB,14,11,2,70,0,37,8,0,0,0,0,0,0,62,48,14,3,0
Kareem Jackson,DB,13,13,2,28,0,24,10,1,0,0,70,1,0,71,48,23,4,0
Alec Ogletree,LB,13,13,1,0,0,0,6,0,0,0,0,0,1,80,48,32,4,0
Bobby Okereke,LB,16,8,0,0,0,0,2,2,1,1,0,0,1,65,48,17,2,0
Patrick Onwuasor,lb,14,6,0,0,0,0,1,1,0,0,0,0,3,64,48,16,5,0
Brian Poole,CB,14,10,1,15,1,15,5,1,0,0,0,0,0,59,48,11,4,1
Richard Sherman,CB,15,15,3,65,1,31,11,0,0,0,0,0,0,61,48,13,2,0
Tre'Davious White,CB,15,15,6,57,0,49,17,2,0,0,0,0,1,58,48,10,4,0
Joey Bosa,DE,16,16,0,0,0,0,0,1,0,0,0,0,11.5,67,47,20,18,0
Justin Coleman,CB,16,11,1,55,0,55,13,3,0,1,0,0,0,54,47,7,0,0
Dont'a Hightower,LB,15,15,0,0,0,0,4,0,0,1,26,1,5.5,71,47,24,8,0
Mychal Kendricks,LB,14,14,1,1,0,1,4,1,0,0,0,0,3,71,47,24,8,0
A.J. Klein,LB,15,15,1,14,1,14,2,1,0,1,0,0,2.5,69,47,22,5,0
Jonathan Allen,DL,15,15,0,0,0,0,1,0,0,1,0,0,6,68,46,22,7,0
Sam Hubbard,DE,15,15,0,0,0,0,3,1,0,0,0,0,8.5,76,46,30,10,0
Damontae Kazee,S,16,14,3,53,0,22,3,1,0,0,0,0,0,74,46,28,2,0
Marshon Lattimore,CB,14,14,1,0,0,0,14,0,0,0,0,0,0,57,46,11,1,0
Devin McCourty,DB,16,16,5,49,0,24,7,2,0,1,0,0,0,58,46,12,0,0
Rodney McLeod,S,16,16,2,30,0,23,6,2,0,0,0,0,1,76,46,30,0,0
Patrick Peterson,CB,10,10,2,0,0,0,7,1,0,0,0,0,1,53,46,7,3,0
Shaquil Barrett,LB,16,16,1,4,0,4,2,6,0,0,0,0,19.5,58,45,13,19,0
Tramaine Brock,NA,14,11,0,0,0,0,5,0,0,0,0,0,0,50,45,5,4,0
Chuck Clark,S,16,12,1,12,0,12,9,2,0,0,0,0,1,73,45,28,2,0
Shaquill Griffin,CB,14,14,0,0,0,0,13,0,0,0,0,0,0,65,45,20,2,0
Devon Kennard,LB,16,15,0,0,0,0,0,1,0,2,13,1,7,58,45,13,9,0
Montae Nicholson,S,13,13,2,23,0,23,4,0,0,2,0,0,0,61,45,16,0,0
Damarious Randall,S,11,11,0,0,0,0,6,0,0,0,0,0,2.5,61,45,16,3,0
Jalen Thompson,S,15,9,1,18,0,18,3,0,0,1,24,0,0,57,45,12,0,0
Prince Amukamara,DB,15,15,0,0,0,0,10,1,0,1,0,0,0,53,44,9,1,0
Minkah Fitzpatrick,NA,16,16,5,130,1,96,9,2,0,3,79,1,0,69,44,25,1,0
Stephon Gilmore,CB,16,16,6,126,2,64,20,0,0,1,0,0,0,53,44,9,0,0
Chris Harris,CB,16,16,1,11,0,11,6,1,0,0,0,0,0,56,44,12,1,0
Ronnie Harrison,S,14,14,2,66,0,35,9,0,0,1,0,0,2,71,44,27,2,0
Neville Hewitt,LB,12,12,2,13,0,9,5,0,0,0,0,0,3,75,44,31,6,0
Jalen Ramsey,NA,12,11,1,13,0,13,5,2,0,0,0,0,0,50,44,6,0,0
Daniel Sorensen,s,16,3,2,6,0,6,4,0,0,0,0,0,0,57,44,13,1,0
Johnathan Joseph,CB,14,11,1,0,0,0,13,0,0,0,0,0,0,51,43,8,0,0
Matt Judon,LB,16,16,0,0,0,0,0,4,0,0,0,0,9.5,54,43,11,14,0
Harold Landry,LB,16,16,1,0,0,0,1,1,0,2,0,0,9,68,43,25,12,0
Haason Reddick,lb,16,5,0,0,0,0,6,0,0,1,3,0,1,76,43,33,6,0
Sheldon Richardson,DT,16,15,0,0,0,0,4,3,0,0,0,0,3,62,43,19,4,0
Leighton Vander Esch,LB,9,9,0,0,0,0,3,1,0,0,0,0,0.5,72,43,29,1,0
Tre Herndon,CB,16,14,3,0,0,0,13,0,0,0,0,0,0,55,42,13,1,0
Matthew Ioannidis,DL,16,15,0,0,0,0,1,0,0,0,0,0,8.5,64,42,22,11,0
Myles Jack,LB,11,11,1,14,0,14,4,0,0,0,0,0,0.5,66,42,24,3,0
Chandler Jones,LB,16,16,0,0,0,0,5,8,0,3,0,0,19,53,42,11,11,0
Emmanuel Moseley,CB,16,9,1,3,0,3,8,0,0,0,0,0,0,50,42,8,2,0
Trayvon Mullen,CB,16,10,1,0,0,0,10,0,0,0,0,0,0,50,42,8,0,0
Darnell Savage,S,14,14,2,37,0,28,5,2,0,0,0,0,0,55,42,13,1,0
Juan Thornhill,S,16,16,3,46,1,46,5,0,0,0,0,0,0,58,42,16,0,0
Andrew Adams,S,14,11,1,21,0,21,3,1,0,0,0,0,0,46,41,5,3,0
Brandon Carr,CB,16,16,0,0,0,0,6,0,0,0,0,0,2,49,41,8,4,0
Jeff Heath,db,13,13,0,0,0,0,7,0,0,0,0,0,0,63,41,22,3,0
Lamarcus Joyner,S,14,10,0,0,0,0,3,0,0,0,0,0,0,49,41,8,3,0
Nik Needham,CB,12,11,2,23,0,23,11,1,0,0,0,0,1,54,41,13,1,0
Za'Darius Smith,LB,16,16,0,0,0,0,0,1,0,0,0,0,13.5,55,41,14,17,0
Kyle Van Noy,LB,15,15,0,0,0,0,3,3,0,2,22,1,6.5,56,41,15,7,0
Joe Walker,LB,16,11,0,0,0,0,0,1,0,0,0,0,0,65,41,24,5,0
T.J. Carrie,cb,16,6,1,0,0,0,4,1,0,1,4,0,1,52,40,12,4,0
Dante Fowler,LB,16,14,0,0,0,0,6,2,0,1,26,1,11.5,58,40,18,16,0
Clayton Geathers,S,15,10,1,0,0,0,1,0,0,0,0,0,0,54,40,14,1,0
Desmond King,DB,15,8,0,0,0,0,2,1,4,2,13,0,2.5,51,40,11,4,0
Khalil Mack,LB,16,16,0,0,0,0,4,5,0,1,0,0,8.5,47,40,7,8,0
Marcus Peters,NA,16,15,5,210,3,89,14,0,0,1,0,0,0,53,40,13,1,0
Marcus Williams,S,15,15,4,56,1,55,13,1,0,0,0,0,0,55,40,15,0,0
Carlos Dunlap,DE,14,14,0,0,0,0,8,2,0,0,0,0,9,63,39,24,13,0
Mike Hughes,cb,14,3,1,0,0,0,9,2,3,2,0,0,0,45,39,6,1,0
Melvin Ingram,DE,13,13,1,9,0,9,5,0,0,1,2,0,7,48,39,9,11,0
Adoree' Jackson,CB,11,10,0,0,0,0,6,0,1,0,0,0,0,45,39,6,3,0
Taron Johnson,cb,12,7,0,0,0,0,5,1,0,0,0,0,1,50,39,11,2,0
Buster Skrine,db,16,4,0,0,0,0,5,2,0,0,0,0,0,48,39,9,1,0
Jomal Wiltz,cb,14,6,1,0,0,0,6,0,0,0,0,0,0,58,39,19,2,0
Patrick Chung,S,13,12,0,0,0,0,3,0,0,0,0,0,0,51,38,13,1,0
Jarrad Davis,LB,11,11,0,0,0,0,1,3,0,1,0,0,2,63,38,25,4,0
Pierre Desir,CB,12,11,3,0,0,0,11,0,0,0,0,0,0,50,38,12,1,0
Chauncey Gardner-Johnson,db,16,7,1,28,0,28,8,1,0,1,37,0,0,49,38,11,6,0
Grady Jarrett,DT,16,16,0,0,0,0,0,2,0,0,0,0,7.5,69,38,31,12,0
Jonathan Jones,DB,15,9,0,0,0,0,8,2,0,0,0,0,0,53,38,15,0,0
Karl Joseph,S,9,9,1,0,0,0,3,0,0,1,0,0,0,49,38,11,4,0
Jourdan Lewis,cb,16,5,2,20,0,20,6,0,0,1,63,1,4,51,38,13,4,0
Avonte Maddox,cb,12,6,0,8,0,8,10,1,0,0,0,0,1,47,38,9,2,0
Denzel Ward,CB,12,12,2,61,1,61,11,0,0,1,6,0,0,44,38,6,1,0
Bashaud Breeland,CB,16,15,2,4,0,4,8,0,0,2,114,1,0,48,37,11,1,0
Calais Campbell,de,16,16,0,0,0,0,1,2,0,1,8,1,6.5,56,37,19,10,0
Maurice Canady,NA,13,3,1,3,0,3,5,1,0,0,0,0,0,46,37,9,1,0
Tashaun Gipson,S,14,14,3,105,1,79,8,0,0,0,0,0,0,51,37,14,2,0
Markus Golden,LB,16,16,0,0,0,0,0,0,0,1,42,1,10,72,37,35,13,0
Shaun Dion Hamilton,NA,16,0,1,0,0,0,2,1,0,1,0,0,1,49,37,12,5,0
Byron Jones,CB,15,14,0,0,0,0,6,1,0,0,0,0,0,46,37,9,0,0
Cameron Jordan,DE,16,16,0,0,0,0,3,0,0,1,0,0,15.5,53,37,16,15,0
Sean Murphy-Bunting,CB,16,10,3,88,1,70,8,1,0,0,0,0,1,44,37,7,1,0
Jahlani Tavai,lb,15,6,1,2,0,2,2,1,0,0,0,0,2,58,37,21,5,0
Greedy Williams,CB,12,12,0,0,0,0,2,0,0,0,0,0,0,47,37,10,2,0
Gareon Conley,NA,14,12,1,3,0,3,13,0,0,0,0,0,0,50,36,14,0,0
Maxx Crosby,DE,16,10,0,0,0,0,4,4,0,0,0,0,10,47,36,11,16,0
Grant Haley,cb,15,3,0,0,0,0,0,0,0,0,0,0,1,43,36,7,4,0
Yannick Ngakoue,DE,15,15,1,23,1,23,6,4,0,1,-2,0,8,41,36,5,13,0
Foyesade Oluokun,mlb,16,3,0,0,0,0,0,1,0,0,0,0,0,62,36,26,2,0
Donald Payne,lb,9,5,0,0,0,0,1,0,0,1,0,0,1,61,36,25,3,0
Troy Reeder,LB,16,8,0,0,0,0,0,2,0,0,0,0,0,58,36,22,0,0
Andrew Sendejo,NA,15,3,3,36,0,21,4,0,0,0,0,0,1,45,36,9,2,0
Darius Slay,CB,14,14,2,19,0,19,13,0,0,1,38,0,0,46,36,10,0,0
Preston Smith,LB,16,16,1,5,0,5,4,1,0,0,0,0,12,56,36,20,11,0
Eric Wilson,lb,16,6,0,0,0,0,0,0,0,1,0,0,3,62,36,26,6,0
Jahleel Addae,s,16,3,2,5,0,4,3,0,0,0,0,0,0,45,35,10,0,0
Lorenzo Alexander,lb,16,7,0,0,0,0,9,1,0,0,0,0,2,55,35,20,4,0
Brandon Graham,DE,16,16,0,0,0,0,0,1,0,2,4,0,8.5,50,35,15,15,0
Lawrence Guy,DL,16,16,1,5,0,5,1,0,0,2,0,0,3,61,35,26,5,0
Javon Hargrave,NT,16,13,0,0,0,0,0,1,0,0,0,0,4,60,35,25,7,0
Anthony Harris,S,14,14,6,42,1,20,11,0,0,1,0,0,0,60,35,25,1,0
Raekwon McMillan,LB,13,12,0,0,0,0,1,0,0,0,0,0,0,72,35,37,3,0
Ben Niemann,lb,16,1,0,0,0,0,1,0,0,1,0,0,0,56,35,21,1,0
Larry Ogunjobi,DT,15,15,0,0,0,0,1,0,0,0,0,0,5.5,50,35,15,10,0
Bradley Roby,CB,10,10,2,49,1,27,8,1,0,0,0,0,1,38,35,3,2,0
T.J. Watt,LB,16,16,2,7,0,7,8,8,0,4,0,0,14.5,55,35,20,14,0
K'Waun Williams,cb,15,8,2,53,0,49,2,4,0,0,0,0,1,51,35,16,2,0
Michael Brockers,DL,16,16,0,0,0,0,1,0,0,0,0,0,3,63,34,29,3,0
DeForest Buckner,de,16,16,0,0,0,0,2,2,0,4,12,1,7.5,62,34,28,9,0
Ronald Darby,CB,11,11,2,29,0,16,11,0,0,0,0,0,0,37,34,3,1,0
Kendall Fuller,cb,11,4,0,0,0,0,2,0,0,0,0,0,1,49,34,15,3,0
Rayshawn Jenkins,S,16,16,3,10,0,8,4,0,0,0,0,0,0,54,34,20,2,0
Lonnie Johnson,cb,14,7,0,0,0,0,7,0,0,0,0,0,0,41,34,7,0,0
Jaquiski Tartt,db,12,12,0,0,0,0,2,1,0,2,0,0,0.5,48,34,14,1,0
P.J. Williams,cb,14,8,1,0,0,0,4,0,0,0,0,0,1,44,34,10,3,0
Mike Edwards,db,15,7,0,0,0,0,6,0,0,2,-1,0,1,45,33,12,3,0
Trey Flowers,DE,15,15,0,0,0,0,0,2,0,0,0,0,7,51,33,18,8,0
Davon Godchaux,DT,16,16,0,0,0,0,1,0,0,0,0,0,2,75,33,42,4,0
Justin Houston,DE,16,16,0,0,0,0,0,2,0,3,0,0,11,44,33,11,13,1
Whitney Mercilus,LB,16,16,2,88,0,86,2,4,0,1,2,0,7.5,48,33,15,9,0
Von Miller,LB,15,15,0,0,0,0,2,0,0,0,0,0,8,46,33,13,10,0
Fabian Moreau,cb,12,7,3,16,0,10,5,0,0,0,0,0,0,44,33,11,0,0
Josh Norman,cb,12,8,1,2,0,2,6,1,0,0,0,0,1,40,33,7,1,0
Kendall Sheffield,CB,16,11,0,0,0,0,3,1,0,0,0,0,0,46,33,13,0,0
Michael Thomas,s,16,2,0,0,0,0,3,0,0,0,0,0,0,47,33,14,3,0
Arik Armstead,de,16,16,0,0,0,0,2,2,0,1,0,0,10,54,32,22,11,0
Nick Bosa,de,16,14,1,46,0,46,2,1,0,2,6,0,9,47,32,15,16,0
Nigel Bradham,LB,12,12,1,22,0,22,5,0,0,1,48,1,0,61,32,29,2,0
D.J. Hayden,CB,15,8,0,0,0,0,6,1,0,1,0,0,2,41,32,9,5,0
Troy Hill,CB,14,9,2,6,0,6,8,0,0,0,0,0,1,43,32,11,1,0
Donte Jackson,CB,13,10,3,25,0,25,8,0,0,2,-1,0,0,40,32,8,1,0
Jimmy Moreland,cb,14,5,0,0,0,0,4,0,0,0,0,0,0,42,32,10,1,0
Da'Ron Payne,DL,15,9,0,0,0,0,2,0,0,0,0,0,2,56,32,24,3,0
Nickell Robey-Coleman,cb,16,3,0,0,0,0,7,2,0,0,12,0,0,36,32,4,3,0
A'Shawn Robinson,de,13,9,0,0,0,0,3,1,0,2,3,0,1.5,40,32,8,3,0
D.J. Swearinger,NA,9,7,0,0,0,0,3,0,0,0,0,0,0,50,32,18,0,0
Earl Thomas,S,15,15,2,38,0,24,4,1,0,1,6,0,2,49,32,17,2,0
Isaac Yiadom,CB,16,8,0,0,0,0,4,0,0,0,0,0,0,43,32,11,1,0
Josh Allen,de,16,4,0,0,0,0,0,2,0,0,0,0,10.5,44,31,13,11,0
Kenny Clark,DL,16,16,0,0,0,0,1,1,0,0,0,0,6,62,31,31,9,0
Michael Davis,CB,12,12,2,15,0,15,9,0,0,0,0,0,0,39,31,8,0,0
Quinton Dunbar,CB,11,11,4,6,0,6,8,0,0,0,0,0,0,37,31,6,1,0
Leon Jacobs,lb,14,7,0,0,0,0,1,0,0,1,0,0,2,42,31,11,4,0
Jason McCourty,CB,12,10,1,16,0,16,6,0,0,0,0,0,0,40,31,9,0,0
Brennan Scarlett,LB,15,10,0,0,0,0,1,2,0,0,0,0,3.5,51,31,20,3,0
Montez Sweat,LB,16,16,0,0,0,0,2,2,0,0,0,0,7,50,31,19,8,0
Jermaine Whitehead,S,8,8,1,0,0,0,2,1,0,0,0,0,0,41,31,10,1,0
Mackensie Alexander,cb,13,4,1,0,0,0,5,0,0,1,0,0,0.5,38,30,8,1,0
Ryan Anderson,lb,16,4,0,0,0,0,1,5,0,2,0,0,4,44,30,14,4,0
Austin Calitro,lb,13,4,0,0,0,0,1,0,0,0,0,0,1,40,30,10,4,0
Brandon Facyson,cb,16,4,0,0,0,0,1,0,0,1,0,0,0,41,30,11,2,0
Davontae Harris,cb,16,6,0,0,0,0,3,0,0,0,0,0,0,35,30,5,0,0
Will Harris,s,16,6,0,0,0,0,3,0,0,0,0,0,1,43,30,13,1,0
Malik Hooker,S,13,13,2,39,0,26,3,0,0,1,3,0,0,51,30,21,1,0
DeMarcus Lawrence,DE,16,16,0,0,0,0,2,2,0,2,0,0,5,45,30,15,10,0
Julian Love,cb,15,5,1,30,0,30,3,1,0,0,0,0,0,37,30,7,5,0
George Odum,s,16,1,0,0,0,0,0,2,0,1,0,0,0,37,30,7,0,0
Danny Shelton,DL,16,14,0,0,0,0,0,1,0,0,0,0,3,61,30,31,2,0
Roderic Teamer,s,7,6,1,3,0,3,2,0,0,0,0,0,1,40,30,10,1,0
B.W. Webb,CB,15,12,1,1,0,1,7,0,0,0,0,0,0,37,30,7,1,0
Christian Wilkins,DT,16,14,0,0,0,0,2,0,1,1,0,0,2,56,30,26,3,0
Quincy Williams,LB,11,8,0,0,0,0,0,0,0,0,0,0,0,48,30,18,2,0
Ja'Whaun Bentley,lb,16,2,0,0,0,0,1,0,0,0,0,0,0,44,29,15,2,0
Aaron Donald,DT,16,16,0,0,0,0,2,2,0,1,0,0,12.5,48,29,19,20,1
Damon Harrison,DT,15,15,0,0,0,0,3,0,0,0,0,0,2,49,29,20,3,0
J.C. Jackson,db,16,6,5,39,0,19,10,0,0,0,0,0,0,36,29,7,0,0
Christian Jones,LB,13,13,0,0,0,0,4,0,0,1,0,0,2,51,29,22,2,0
Jalen Mills,DB,9,9,1,0,0,0,7,0,0,0,0,0,0,41,29,12,0,0
Tramon Williams,cb,16,7,2,-4,0,0,8,1,0,2,0,0,0,39,29,10,1,0
Vic Beasley,LB,16,15,0,0,0,0,2,2,0,0,0,0,8,42,28,14,8,0
Preston Brown,NA,10,8,0,0,0,0,0,1,0,1,0,0,0,55,28,27,0,0
Johnathan Hankins,DT,16,16,0,0,0,0,1,0,0,0,0,0,1.5,50,28,22,7,0
Shelby Harris,DE,16,16,0,0,0,0,9,1,0,0,0,0,6,49,28,21,8,0
Casey Hayward,CB,16,16,2,37,0,37,8,0,0,0,0,0,0,32,28,4,0,0
Siran Neal,s,15,1,0,0,0,0,0,1,0,0,0,0,0,36,28,8,2,0
Mike Purcell,dl,13,7,0,0,0,0,0,0,0,0,0,0,0,48,28,20,8,0
D.J. Reader,DE,15,15,0,0,0,0,0,0,0,0,0,0,2.5,52,28,24,6,0
Sheldrick Redwine,s,12,5,0,0,0,0,2,0,0,0,0,0,0,42,28,14,0,0
Jalen Reeves-Maybin,lb,16,3,0,0,0,0,0,1,0,1,0,0,0,37,28,9,1,0
John Simon,DE,16,12,1,6,0,6,4,1,0,0,0,0,4,44,28,16,3,0
Jimmy Smith,cb,9,5,1,7,0,7,6,0,0,0,0,0,1,30,28,2,1,0
M.J. Stewart,db,10,1,0,0,0,0,2,0,0,0,0,0,0,35,28,7,0,0
Vince Williams,LB,14,8,0,0,0,0,1,0,0,1,0,0,2.5,55,28,27,4,0
Vince Biegel,LB,15,10,1,7,0,7,1,0,0,0,0,0,2.5,59,27,32,7,0
Blake Cashman,lb,7,5,0,0,0,0,1,0,0,1,0,0,0.5,40,27,13,3,0
Marqui Christian,s,16,1,0,0,0,0,2,0,0,0,0,0,0,36,27,9,1,0
Frank Clark,DE,14,11,1,5,0,5,4,3,0,1,0,0,8,37,27,10,12,0
Brandon Copeland,lb,12,3,0,0,0,0,2,1,0,0,0,0,1.5,42,27,15,5,0
Kamalei Correa,lb,16,5,0,0,0,0,2,0,0,1,0,0,5,37,27,10,6,0
Quandre Diggs,NA,10,10,3,99,1,55,3,1,0,1,0,0,0,41,27,14,0,0
Leonard Floyd,LB,16,16,0,0,0,0,1,0,0,0,0,0,3,40,27,13,3,0
Dre Kirkpatrick,cb,6,6,0,0,0,0,4,0,0,1,11,0,1,33,27,6,2,0
Clay Matthews,LB,13,13,0,0,0,0,3,2,0,0,0,0,8,37,27,10,9,0
Kevin Pierre-Louis,lb,14,3,1,2,0,2,3,0,0,0,0,0,0,37,27,10,2,0
Curtis Riley,s,16,3,0,0,0,0,1,1,0,0,0,0,0,34,27,7,2,0
Chandon Sullivan,NA,16,0,1,7,0,7,6,1,0,0,0,0,0,30,27,3,0,0
Morgan Burnett,s,8,8,1,43,0,43,2,0,0,0,0,0,2,41,26,15,4,0
Juston Burris,DB,14,9,2,42,0,27,7,1,0,0,0,0,1,32,26,6,2,0
Jurrell Casey,DT,14,14,0,0,0,0,0,1,0,2,0,0,5,44,26,18,5,0
William Compton,lb,9,4,0,0,0,0,0,0,0,0,0,0,0,41,26,15,0,0
Fletcher Cox,DT,16,16,0,0,0,0,2,3,0,1,1,0,3.5,40,26,14,5,0
Tyeler Davison,DT,16,12,0,0,0,0,0,0,0,1,0,0,1,55,26,29,4,0
Samson Ebukam,lb,16,5,0,0,0,0,4,1,0,2,0,0,4.5,48,26,22,5,0
William Gholston,de,16,8,0,0,0,0,2,0,0,0,0,0,1,38,26,12,5,0
Everson Griffen,DE,15,15,1,17,0,17,2,0,0,0,0,0,8,41,26,15,11,0
William Jackson,CB,14,13,1,19,0,19,3,0,0,0,0,0,0,37,26,11,1,0
Linval Joseph,DT,13,13,0,0,0,0,0,1,0,0,0,0,3,44,26,18,6,0
Arthur Maulet,cb,12,6,1,13,0,13,2,0,0,1,0,1,0,38,26,12,5,0
Will Parks,s,14,7,1,11,0,11,2,1,0,0,0,0,1,35,26,9,1,0
Robert Quinn,DE,14,14,0,0,0,0,3,2,0,0,0,0,11.5,34,26,8,13,0
Kiko Alonso,lb,13,4,0,0,0,0,1,0,0,0,0,0,0,31,25,6,3,0
Derek Barnett,DE,14,14,0,0,0,0,0,2,0,0,0,0,6.5,30,25,5,10,0
Malcolm Butler,CB,9,9,2,61,1,38,9,0,0,0,0,0,0,32,25,7,1,0
Lorenzo Carter,LB,15,12,0,0,0,0,5,1,0,0,0,0,4.5,45,25,20,6,0
Darqueze Dennard,cb,9,5,0,0,0,0,5,0,0,0,0,0,0,37,25,12,1,0
Kemal Ishmael,s,14,3,0,0,0,0,0,1,0,0,0,0,0,44,25,19,2,0
Kevin Johnson,cb,16,1,0,0,0,0,5,0,0,0,0,0,1,36,25,11,1,0
Sebastian Joseph,DT,16,15,0,0,0,0,1,0,0,0,0,0,2,44,25,19,5,0
Cassius Marsh,lb,16,3,0,0,0,0,0,0,0,0,0,0,2.5,36,25,11,7,0
Jordan Phillips,DT,16,9,0,0,0,0,0,1,0,0,0,0,9.5,31,25,6,13,0
Will Redmond,s,13,4,0,0,0,0,1,0,0,0,0,0,0,36,25,11,1,0
Kyzir White,lb,16,7,1,0,0,0,2,0,0,0,0,0,0,40,25,15,1,0
Wesley Woodyard,lb,15,2,0,0,0,0,1,1,0,0,0,0,1,42,25,17,3,0
Michael Bennett,NA,15,1,0,0,0,0,0,0,0,0,0,0,6.5,32,24,8,14,0
Marquise Blair,fs,14,3,0,0,0,0,1,2,0,0,0,0,0,32,24,8,0,0
Rasul Douglas,cb,16,6,0,0,0,0,10,0,0,0,0,0,0,35,24,11,3,0
Javien Elliott,cb,16,3,1,0,0,0,2,0,0,0,0,0,0.5,38,24,14,1,0
Clelin Ferrell,DE,15,15,0,0,0,0,5,0,0,1,0,0,4.5,38,24,14,8,0
John Johnson,s,6,5,2,0,0,0,2,0,0,0,0,0,0,51,24,27,2,0
Dexter Lawrence,DL,16,16,0,0,0,0,1,1,0,0,0,0,2.5,38,24,14,3,0
Trent Murphy,DE,16,16,1,0,0,0,3,2,0,2,8,0,5,36,24,12,9,0
Carl Nassib,de,14,8,0,0,0,0,0,1,0,1,0,0,6,34,24,10,8,0
Ed Oliver,dt,16,7,0,0,0,0,2,1,0,0,0,0,5,43,24,19,5,0
Jason Pierre-Paul,de,10,8,0,0,0,0,2,2,0,0,0,0,8.5,27,24,3,9,0
LeShaun Sims,cb,14,2,0,0,0,0,2,0,0,1,0,0,0,35,24,11,0,0
Terrell Suggs,NA,15,13,0,0,0,0,0,4,0,1,0,0,6.5,40,24,16,9,0
Nick Williams,dt,16,5,0,0,0,0,2,0,0,2,4,0,6,42,24,18,5,0
Ahkello Witherspoon,cb,10,8,1,25,1,25,9,0,0,0,0,0,0,28,24,4,1,0
Josh Bynes,lb,12,7,2,7,0,6,4,0,0,0,0,0,1,46,23,23,6,0
B.J. Goodson,LB,15,9,0,0,0,0,0,0,0,0,0,0,0,37,23,14,0,0
Marcell Harris,s,13,4,0,0,0,0,5,3,0,1,3,0,0,40,23,17,0,0
Derwin James,db,5,5,0,0,0,0,1,0,0,0,0,0,0,34,23,11,3,0
Chris Jones,DT,13,12,0,0,0,0,4,1,0,1,12,0,9,36,23,13,8,0
Dean Lowry,DL,16,16,1,7,0,7,3,0,0,1,0,0,0,47,23,24,2,0
Uchenna Nwosu,lb,16,3,0,0,0,0,1,1,0,0,0,0,2,31,23,8,5,0
Emmanuel Ogbah,de,10,4,0,0,0,0,3,1,0,0,0,0,5.5,32,23,9,6,0
Adrian Phillips,db,7,5,0,0,0,0,0,0,0,0,0,0,0,36,23,13,1,0
Reggie Ragland,lb,14,7,0,0,0,0,0,0,0,1,5,1,2,30,23,7,4,0
Marvell Tell,cb,13,1,0,0,0,0,5,1,0,0,0,0,0,26,23,3,0,0
Darian Thompson,db,15,4,0,0,0,0,3,0,0,1,0,0,1.5,45,23,22,3,0
Dalvin Tomlinson,DL,16,16,0,0,0,0,0,1,0,0,0,0,3.5,49,23,26,7,0
Derek Wolfe,DE,12,12,0,0,0,0,1,1,0,0,0,0,7,34,23,11,8,0
Kwon Alexander,LB,8,8,1,0,0,0,4,1,0,0,0,0,0.5,34,22,12,2,0
Vernon Butler,DT,14,9,0,0,0,0,0,3,0,0,0,0,6,32,22,10,7,0
Jermaine Carter,lb,16,5,0,0,0,0,0,0,0,0,0,0,0.5,31,22,9,2,0
Samuel Eguavoen,lb,16,6,0,0,0,0,1,0,0,1,0,0,3.5,42,22,20,7,0
L.J. Fort,NA,16,8,0,0,0,0,1,0,0,0,0,0,2,37,22,15,4,0
Bruce Irvin,LB,13,12,0,0,0,0,1,1,0,1,0,0,8.5,36,22,14,8,1
Trumaine Johnson,cb,7,5,1,3,0,3,2,0,0,0,0,0,0,25,22,3,1,0
Darron Lee,lb,16,2,0,0,0,0,0,0,0,0,0,0,0,31,22,9,0,0
David Onyemata,DT,15,15,0,0,0,0,1,0,0,0,0,0,3,32,22,10,3,0
Roy Robertson-Harris,de,15,7,0,0,0,0,3,0,0,0,0,0,2.5,30,22,8,3,0
Ndamukong Suh,DL,16,16,0,0,0,0,4,0,0,4,43,2,2.5,41,22,19,7,0
Andrew Wingard,s,16,2,0,0,0,0,0,1,0,0,0,0,1,30,22,8,0,0
Tyson Alualu,de,16,5,0,0,0,0,2,1,0,0,0,0,1,41,21,20,4,0
Corey Ballentine,cb,13,2,0,0,0,0,2,0,0,0,0,0,0,26,21,5,0,0
Jadeveon Clowney,DE,13,11,1,27,1,27,3,4,0,2,10,1,3,31,21,10,7,0
Poona Ford,DT,15,14,0,0,0,0,1,0,0,1,0,0,0.5,32,21,11,5,0
Najee Goode,lb,10,4,0,0,0,0,2,0,0,0,0,0,1,27,21,6,1,0
Nate Hairston,cb,11,6,1,0,0,0,3,0,0,0,0,0,0,24,21,3,2,0
Jordan Jenkins,LB,14,13,0,0,0,0,3,2,0,0,0,0,8,32,21,11,9,0
Josey Jewell,lb,15,3,0,0,0,0,0,0,0,2,0,0,1.5,38,21,17,1,0
DaQuan Jones,DL,16,16,0,0,0,0,3,0,0,0,0,0,1,42,21,21,0,0
Tanoh Kpassagnon,DE,16,8,0,0,0,0,2,1,0,1,0,0,4,29,21,8,6,0
Shaq Lawson,NA,15,0,0,0,0,0,2,1,0,0,0,0,6.5,32,21,11,13,0
Steve McLendon,DL,16,16,0,0,0,0,0,0,0,1,0,0,2.5,36,21,15,10,0
Kevin Minter,lb,16,2,0,0,0,0,2,0,0,1,0,0,0,34,21,13,2,0
Al-Quadin Muhammad,de,16,4,0,0,0,0,0,1,0,0,0,0,3,28,21,7,8,0
Kyle Phillips,dl,15,4,0,0,0,0,1,0,0,0,0,0,1.5,39,21,18,7,0
Joe Thomas,lb,15,2,0,0,0,0,1,1,0,0,0,0,0,33,21,12,0,0
Leonard Williams,NA,15,12,0,0,0,0,3,1,0,0,0,0,0.5,46,21,25,2,0
Blidi Wreh-Wilson,cb,14,2,0,0,0,0,7,0,0,0,0,0,0,25,21,4,0,0
Mario Addison,de,15,15,0,0,0,0,0,2,0,0,0,0,9.5,34,20,14,6,0
Denico Autry,DT,14,14,0,0,0,0,4,1,0,0,0,0,3.5,32,20,12,4,0
Sam Beal,cb,6,3,0,0,0,0,1,0,0,0,0,0,0,26,20,6,1,1
Tyus Bowser,NA,16,0,0,0,0,0,2,1,0,1,33,1,5,24,20,4,3,0
Kris Boyd,NA,16,0,0,0,0,0,1,0,0,1,0,0,0,22,20,2,2,0
Christian Covington,de,16,6,0,0,0,0,1,0,0,0,0,0,1,28,20,8,4,0
Vinny Curry,de,16,2,0,0,0,0,0,0,0,0,0,0,5,27,20,7,5,0
Jaylon Ferguson,LB,14,9,0,0,0,0,1,0,0,1,0,0,2.5,31,20,11,6,0
Myles Garrett,DE,10,10,0,0,0,0,0,2,0,0,0,0,10,29,20,9,11,0
Eddie Goldman,NT,15,15,0,0,0,0,0,0,0,0,0,0,1,29,20,9,2,0
Rodney Gunter,DL,13,13,0,0,0,0,0,0,0,0,0,0,3,31,20,11,9,0
John Jenkins,dt,16,5,0,0,0,0,1,0,0,0,0,0,1,34,20,14,2,0
Nevin Lawson,cb,11,5,0,0,0,0,5,0,0,0,0,0,0,24,20,4,2,0
Ryan Lewis,NA,13,3,1,3,0,3,5,0,0,0,0,0,0,28,20,8,1,0
Craig Robertson,lb,15,1,1,3,0,3,1,0,0,0,0,0,1,27,20,7,2,0
Jabaal Sheard,DE,13,12,0,0,0,0,2,0,0,0,0,0,4.5,25,20,5,5,0
Olivier Vernon,DE,10,10,0,0,0,0,0,1,0,0,0,0,3.5,26,20,6,4,0
Jaylen Watkins,s,14,3,0,0,0,0,1,0,0,0,0,0,0,29,20,9,1,0
Deatrich Wise,dl,14,3,0,0,0,0,0,1,0,0,0,0,2,26,20,6,3,0
Blessuan Austin,cb,7,6,0,0,0,0,4,1,0,0,0,0,0,25,19,6,0,0
Brian Burns,de,16,5,0,0,0,0,0,1,0,1,56,1,7.5,25,19,6,5,0
Duron Harmon,DB,16,8,2,27,0,27,5,0,0,0,0,0,0,22,19,3,1,0
Travin Howard,NA,16,0,0,0,0,0,3,0,0,0,0,0,0,22,19,3,0,0
D.J. Jones,dl,11,11,0,0,0,0,0,1,0,0,0,0,2,23,19,4,4,0
Sidney Jones,cb,12,4,2,4,0,3,8,0,0,0,0,0,0,23,19,4,1,0
Jayron Kearse,s,15,3,1,0,0,0,6,0,0,0,0,0,0,28,19,9,0,0
Trey Marshall,s,16,2,0,0,0,0,0,1,0,2,12,0,0,25,19,6,0,0
Bobby McCain,S,9,8,2,53,0,32,3,0,1,0,0,0,0,25,19,6,0,0
Corey Peters,DL,16,16,0,0,0,0,0,0,0,0,0,0,2.5,38,19,19,6,0
Michael Pierce,DT,14,14,0,0,0,0,0,0,0,1,2,0,0.5,35,19,16,2,0
Vita Vea,DL,16,16,0,0,0,0,3,0,0,0,0,0,2.5,35,19,16,4,0
Troy Apke,s,15,2,1,33,0,33,2,0,0,0,0,0,0,26,18,8,2,0
Geno Atkins,DT,16,14,0,0,0,0,0,0,0,0,0,0,4.5,47,18,29,4,0
Tarell Basham,lb,16,2,1,1,0,1,6,0,0,1,2,0,2,33,18,15,3,0
Andrew Billings,DT,16,14,0,0,0,0,0,0,0,0,0,0,1,35,18,17,4,0
Malcom Brown,DT,16,16,0,0,0,0,1,0,0,1,0,0,2,34,18,16,6,0
Taven Bryan,DL,16,8,0,0,0,0,1,1,0,0,0,0,2,33,18,15,5,0
P.J. Hall,DT,16,12,0,0,0,0,0,0,0,0,0,0,1.5,26,18,8,5,0
Justin Jones,DT,12,12,0,0,0,0,1,1,0,0,0,0,0,30,18,12,2,0
Miles Killebrew,s,15,1,0,0,0,0,0,0,0,0,0,0,0,20,18,2,0,0
Takkarist McKinley,DE,14,13,0,0,0,0,0,0,0,0,0,0,3.5,29,18,11,7,0
Derrick Nnadi,DT,16,16,1,0,0,0,1,1,0,0,0,0,1,48,18,30,3,0
Ifeadi Odenigbo,NA,16,0,0,0,0,0,0,1,0,2,56,1,7,23,18,5,7,0
Amani Oruwariye,cb,9,2,2,0,0,0,3,0,0,0,0,0,0,19,18,1,0,0
Elandon Roberts,lb,16,3,0,0,0,0,1,0,0,0,0,0,1,29,18,11,1,0
Jeffery Simmons,dl,9,7,0,0,0,0,1,0,0,0,0,0,2,32,18,14,4,0
Tye Smith,cb,9,3,0,0,0,0,0,2,0,0,0,0,0,26,18,8,0,0
Jamar Taylor,NA,12,0,0,0,0,0,3,0,0,0,0,0,0,23,18,5,0,0
Stephon Tuitt,de,6,6,0,0,0,0,0,0,0,0,0,0,3.5,22,18,4,6,0
Terrence Brooks,NA,15,0,1,0,0,0,3,0,0,0,0,0,0,24,17,7,0,0
Zach Brown,lb,6,6,0,0,0,0,2,0,0,0,0,0,0,31,17,14,2,0
Adam Butler,dl,16,2,0,0,0,0,5,0,0,0,0,0,6,26,17,9,8,0
Kamu Grugier-Hill,lb,10,6,0,0,0,0,0,0,0,1,29,0,0,23,17,6,4,0
Chris Jones Cornerback,cb,11,3,0,0,0,0,6,0,0,0,0,0,0,22,17,5,0,0
Reshad Jones,s,4,4,0,0,0,0,1,0,0,0,0,0,0,27,17,10,1,0
Kameron Kelly,db,14,1,1,10,0,10,1,0,0,0,0,0,0,21,17,4,0,0
Tyler Lancaster,DL,16,10,0,0,0,0,0,1,0,1,0,0,1.5,30,17,13,2,0
Carl Lawson,de,12,2,0,0,0,0,0,0,0,0,0,0,5,23,17,6,6,0
Pernell McPhee,lb,7,7,0,0,0,0,1,0,0,0,0,0,3,19,17,2,7,0
Tony McRae,cb,16,2,0,0,0,0,1,0,0,0,0,0,0,22,17,5,1,0
Terrance Mitchell,cb,15,4,1,28,0,28,3,0,0,0,0,0,0,21,17,4,2,0
Chad Thomas,DE,16,8,0,0,0,0,1,0,0,1,0,0,4,26,17,9,6,0
Ken Webster,cb,8,5,0,0,0,0,1,0,0,0,0,0,0,19,17,2,0,0
Chase Winovich,NA,16,0,0,0,0,0,0,0,0,0,0,0,5.5,26,17,9,4,0
Chris Wormley,de,16,7,0,0,0,0,2,0,0,0,0,0,1.5,33,17,16,2,0
Kentrell Brothers,lb,13,1,0,0,0,0,0,0,0,0,0,0,0,23,16,7,0,0
Deone Bucannon,NA,14,1,0,0,0,0,0,0,0,0,0,0,0,28,16,12,1,0
Bradley Chubb,lb,4,4,0,0,0,0,1,1,0,0,0,0,1,21,16,5,5,0
Adrian Colbert,db,6,5,0,0,0,0,2,0,0,0,0,0,0,22,16,6,0,0
Jamel Dean,cb,13,5,2,31,0,31,17,0,1,0,0,0,0,21,16,5,1,0
Trent Harris,lb,11,3,0,0,0,0,0,1,0,0,0,0,1.5,22,16,6,1,0
Ryan Kerrigan,LB,12,12,0,0,0,0,1,1,0,0,0,0,5.5,25,16,9,6,0
Tyler Matakevich,NA,16,0,0,0,0,0,0,0,0,0,0,0,0,18,16,2,0,0
Tarvarius Moore,db,16,3,0,0,0,0,3,0,0,0,0,0,0,25,16,9,0,0
Malik Reed,LB,15,8,0,0,0,0,1,0,0,1,0,0,2,27,16,11,4,0
Josh Sweat,NA,16,0,0,0,0,0,1,0,0,0,0,0,4,21,16,5,7,0
Al Woods,dt,14,5,0,0,0,0,0,0,0,2,5,0,1,32,16,16,3,0
Walt Aikens,NA,15,0,0,0,0,0,1,0,0,0,0,0,0,21,15,6,1,0
Maliek Collins,DT,16,16,0,0,0,0,0,0,0,1,0,0,4,20,15,5,6,0
Marcus Davenport,DE,13,13,0,0,0,0,0,3,0,0,0,0,6,31,15,16,5,0
Duke Dawson,cb,14,3,0,0,0,0,2,0,0,1,0,0,0,19,15,4,0,0
T.J. Edwards,lb,16,4,0,0,0,0,0,0,0,0,0,0,0,30,15,15,0,0
Rasheem Green,DE,16,8,0,0,0,0,2,3,0,1,36,0,4,27,15,12,3,0
B.J. Hill,dl,16,5,0,0,0,0,0,0,0,0,0,0,1,36,15,21,2,0
Delano Hill,ss,12,4,0,0,0,0,0,0,0,0,0,0,0,25,15,10,0,0
Amani Hooker,NA,16,0,0,0,0,0,0,0,0,0,0,0,0,20,15,5,0,0
Jaleel Johnson,dt,16,3,0,0,0,0,0,0,0,0,0,0,3.5,29,15,14,5,0
Abry Jones,DT,16,15,0,0,0,0,0,0,0,1,0,0,2,31,15,16,1,0
Gerald McCoy,DT,16,16,0,0,0,0,2,0,0,0,0,0,5,37,15,22,7,0
Brandon Mebane,NT,13,13,0,0,0,0,0,0,0,0,0,0,1,27,15,12,1,0
Eric Murray,s,9,4,0,0,0,0,1,0,0,0,0,0,1,24,15,9,3,0
Bilal Nichols,DT,13,12,0,0,0,0,1,0,0,1,0,0,0,27,15,12,1,0
Alex Okafor,DE,10,9,0,0,0,0,1,1,0,0,0,0,5,22,15,7,5,0
Steven Parker,s,14,4,2,35,0,35,3,0,0,0,0,0,0,20,15,5,0,0
Kevin Peterson,cb,14,3,0,0,0,0,2,0,0,0,0,0,0,22,15,7,0,0
Dontari Poe,DT,11,10,0,0,0,0,0,0,0,0,0,0,4,22,15,7,7,0
Damion Square,nt,16,4,0,0,0,0,2,0,0,0,0,0,0,27,15,12,1,0
Shamar Stephen,DT,15,15,0,0,0,0,3,1,0,1,0,0,1,21,15,6,2,0
Solomon Thomas,dl,16,3,0,0,0,0,0,0,0,0,0,0,2,21,15,6,3,0
J.J. Watt,DE,8,8,0,0,0,0,3,1,0,2,0,0,4,24,15,9,4,0
Quinnen Williams,DL,13,9,0,0,0,0,1,0,0,1,0,0,2.5,28,15,13,4,0
Kenny Young,NA,14,3,0,0,0,0,0,1,0,0,0,0,0,17,15,2,3,0
Henry Anderson,DL,13,13,0,0,0,0,0,0,0,0,0,0,1,25,14,11,3,0
Jeremiah Attaochu,lb,12,5,0,0,0,0,0,0,0,1,1,0,3.5,21,14,7,5,0
Anthony Averett,cb,9,3,0,0,0,0,2,0,0,0,0,0,0,15,14,1,1,0
Allen Bailey,de,15,5,0,0,0,0,0,0,0,0,0,0,1,26,14,12,4,0
Ronald Blair,NA,9,0,0,0,0,0,0,0,0,1,0,0,3,21,14,7,7,0
Jonathan Bullard,dl,9,6,0,0,0,0,0,0,0,0,0,0,1.5,22,14,8,4,0
Taco Charlton,de,10,5,0,0,0,0,0,2,0,0,0,0,5,21,14,7,3,0
Folorunso Fatukasi,NA,14,0,0,0,0,0,1,0,0,0,0,0,1,27,14,13,7,0
Jerry Hughes,DE,16,16,0,0,0,0,3,0,0,1,11,0,4.5,23,14,9,6,0
Margus Hunt,dt,16,5,0,0,0,0,0,0,0,0,0,0,0,17,14,3,0,0
Branden Jackson,de,15,3,0,0,0,0,2,0,0,0,0,0,2,20,14,6,2,0
Quinton Jefferson,DE,14,12,0,0,0,0,3,0,0,1,20,0,3.5,26,14,12,4,0
Efe Obada,NA,16,0,0,0,0,0,1,0,0,0,0,0,0,24,14,10,2,0
Romeo Okwara,de,14,1,0,0,0,0,0,1,0,0,0,0,1.5,28,14,14,1,0
Patrick Robinson,NA,11,0,0,0,0,0,2,0,0,0,0,0,0,16,14,2,1,0
Akeem Spence,NA,15,0,0,0,0,0,0,0,0,0,0,0,0,18,14,4,0,0
Grover Stewart,DT,16,13,0,0,0,0,1,0,0,0,0,0,3,30,14,16,5,0
Sione Takitaki,lb,15,1,0,0,0,0,0,0,0,0,0,0,0,21,14,7,0,0
Deionte Thompson,s,11,2,0,0,0,0,0,0,0,0,0,0,0,18,14,4,0,0
Josh Tupou,dt,16,7,0,0,0,0,0,1,0,0,0,0,0,27,14,13,3,0
Stephen Weatherly,de,16,1,0,0,0,0,0,1,0,0,0,0,3,24,14,10,5,0
Darious Williams,db,12,3,2,0,0,0,4,0,0,1,0,1,0,15,14,1,1,0
Brandon Wilson,s,12,2,0,0,0,0,0,2,1,1,0,0,0,24,14,10,0,0
Ugochukwu Amadi,NA,16,0,0,0,0,0,0,0,0,1,0,0,0,17,13,4,0,0
John Atkins,dt,12,6,0,0,0,0,0,0,0,0,0,0,0,20,13,7,0,0
Dylan Cole,NA,11,0,0,0,0,0,1,0,0,1,27,0,0,16,13,3,0,0
Aaron Colvin,NA,7,3,0,0,0,0,1,0,0,0,0,0,0,15,13,2,0,0
Kyler Fackrell,NA,16,0,0,0,0,0,0,0,0,0,0,0,1,23,13,10,2,0
Clayton Fejedelem,NA,16,0,0,0,0,0,0,0,0,0,0,0,0,15,13,2,0,0
Rashan Gary,NA,16,0,0,0,0,0,0,0,0,1,0,0,2,21,13,8,3,0
Reggie Gilbert,lb,11,5,0,0,0,0,1,0,0,0,0,0,1,22,13,9,1,0
J.T. Gray,NA,16,0,0,0,0,0,0,0,0,1,0,0,0,17,13,4,0,0
Zach Kerr,dl,12,3,0,0,0,0,1,0,0,0,0,0,0,19,13,6,1,0
Mike Pennel,NA,8,0,0,0,0,0,0,0,0,0,0,0,1,24,13,11,2,0
Khalen Saunders,dt,12,4,0,0,0,0,1,0,0,0,0,0,1,22,13,9,0,0
Cameron Sutton,NA,16,0,1,26,0,26,5,0,0,0,0,0,1,16,13,3,2,0
Desmond Trufant,CB,9,9,4,26,0,16,7,0,0,0,0,0,0,18,13,5,1,0
DeMarcus Walker,de,10,1,0,0,0,0,1,0,0,0,0,0,4,22,13,9,5,0
Derek Watt,fb,16,2,0,0,0,0,0,0,0,0,0,0,0,16,13,3,0,0
Armani Watts,NA,16,0,0,0,0,0,0,0,0,0,0,0,1,17,13,4,1,0
Brandon Williams,DT,14,14,0,0,0,0,0,0,0,1,0,0,1,34,13,21,2,0
Ezekiel Ansah,de,11,1,0,0,0,0,2,2,0,2,5,0,2.5,18,12,6,3,0
Dorance Armstrong,NA,15,0,0,0,0,0,0,1,0,0,0,0,2,15,12,3,1,0
Adrian Clayborn,de,15,1,0,0,0,0,0,2,0,0,0,0,4,18,12,6,4,0
Morgan Fox,de,16,3,0,0,0,0,0,0,0,0,0,0,2,18,12,6,3,0
Phillip Gaines,cb,6,2,0,0,0,0,2,0,0,0,0,0,0,13,12,1,1,0
Antonio Hamilton,cb,16,2,0,0,0,0,4,0,0,0,0,0,0,17,12,5,0,0
Holton Hill,cb,8,1,0,0,0,0,1,0,0,1,0,0,0,13,12,1,0,0
Justin Hollins,NA,15,0,0,0,0,0,2,0,0,0,0,0,1,21,12,9,1,0
Xavien Howard,cb,5,5,1,0,0,0,4,0,0,0,0,0,0,17,12,5,0,0
Craig James,cb,14,1,0,0,0,0,1,0,0,0,0,0,0,15,12,3,0,0
Anthony Levine,NA,16,0,0,0,0,0,0,0,0,0,0,0,0,14,12,2,1,0
Star Lotulelei,DT,16,16,1,0,0,0,1,0,0,0,0,0,2,19,12,7,3,0
Keisean Nixon,NA,14,0,0,0,0,0,1,0,0,0,0,0,0,12,12,0,0,0
Duke Riley,NA,16,0,0,0,0,0,0,0,0,1,0,0,0,14,12,2,0,0
Dawuane Smoot,NA,16,0,0,0,0,0,0,0,0,1,0,0,6,17,12,5,6,0
Azeez Al-Shaair,lb,15,4,0,0,0,0,0,0,0,0,0,0,0,18,11,7,0,0
Angelo Blackson,DE,15,15,0,0,0,0,0,0,0,0,0,0,0,20,11,9,2,0
Anthony Brown,cb,9,4,0,0,0,0,5,0,0,0,0,0,0,17,11,6,1,0
Vontaze Burfict,lb,4,4,0,0,0,0,1,0,0,0,0,0,0,18,11,7,0,0
Brandon Dunn,nt,16,6,0,0,0,0,0,0,0,0,0,0,1,25,11,14,1,0
Rashad Fenton,NA,12,0,1,0,0,0,4,1,0,0,0,0,0,15,11,4,0,0
Mike Ford,cb,15,2,0,0,0,0,2,0,0,0,0,0,0,12,11,1,0,0
Adam Gotsis,de,9,3,0,0,0,0,2,0,0,0,0,0,0,16,11,5,1,0
Charles Harris,de,14,5,0,0,0,0,0,0,0,0,0,0,0.5,23,11,12,3,0
Trey Hendrickson,de,13,3,0,0,0,0,0,1,0,0,0,0,4.5,19,11,8,4,0
Maurice Hurst,dt,16,4,1,55,0,55,3,0,0,2,0,0,3.5,18,11,7,4,0
Isaiah Irving,NA,13,0,0,0,0,0,0,0,0,0,0,0,0,14,11,3,0,0
Josh Jackson,NA,14,0,0,0,0,0,0,0,0,0,0,0,0,11,11,0,0,0
Tony Jefferson,s,5,5,0,0,0,0,3,0,0,0,0,0,0,21,11,10,0,0
Austin Johnson,dl,16,1,0,0,0,0,1,0,0,0,0,0,0,23,11,12,1,0
Akeem King,cb,13,3,0,0,0,0,2,0,0,0,0,0,0,17,11,6,0,0
Marquel Lee,lb,5,3,0,0,0,0,0,0,0,0,0,0,0,11,11,0,1,0
Josh Mauro,de,13,7,0,0,0,0,1,0,0,0,0,0,0,19,11,8,3,0
Rolan Milligan,s,11,1,0,0,0,0,0,0,0,0,0,0,0,15,11,4,0,0
Avery Moss,DE,11,8,0,0,0,0,0,1,0,0,0,0,0,25,11,14,0,0
Keanu Neal,s,3,3,0,0,0,0,0,0,0,0,0,0,0,14,11,3,0,0
D.J. Reed,NA,16,0,0,0,0,0,2,1,0,1,5,1,0,13,11,2,0,0
Kevin Toliver,db,12,1,0,0,0,0,2,0,0,0,0,0,0,13,11,2,0,0
Andrew Van Ginkel,lb,6,1,0,0,0,0,0,0,0,1,0,0,1,15,11,4,4,0
Antwaun Woods,DT,10,10,0,0,0,0,0,0,0,1,0,0,0,23,11,12,1,0
Oshane Ximines,lb,16,2,0,0,0,0,1,0,0,0,0,0,4.5,25,11,14,5,0
Briean Boddy-Calhoun,NA,3,1,0,0,0,0,0,1,0,0,0,0,2,13,10,3,2,0
Nate Brooks,db,3,2,0,0,0,0,2,0,0,0,0,0,0,11,10,1,0,0
Andrew Brown,de,14,1,0,0,0,0,0,0,0,0,0,0,0,14,10,4,0,0
Ryan Connelly,lb,4,3,2,18,0,13,2,0,0,0,0,0,1,20,10,10,2,0
Bryan Cox,NA,7,2,0,0,0,0,0,0,0,0,0,0,0.5,14,10,4,2,0
Keion Crossen,NA,16,0,0,0,0,0,1,0,0,0,0,0,0,13,10,3,0,0
Sheldon Day,dl,16,2,0,0,0,0,0,0,0,0,0,0,1,15,10,5,3,0
Sharif Finch,lb,8,3,0,0,0,0,0,0,0,0,0,0,2,13,10,3,3,0
Dee Ford,de,11,2,0,0,0,0,1,2,0,0,0,0,6.5,14,10,4,6,0
Justin Hardee,NA,16,0,0,0,0,0,0,0,0,0,0,0,0,11,10,1,0,0
Akiem Hicks,dt,5,5,0,0,0,0,0,0,0,1,0,0,1,10,10,0,1,0
KhaDarel Hodge,wr,16,1,0,0,0,0,0,0,0,0,0,0,0,13,10,3,0,0
Kerry Hyder,NA,16,0,0,0,0,0,0,0,0,1,0,0,1,17,10,7,3,0
Danny Johnson,cb,2,2,0,0,0,0,1,0,0,0,0,0,0,11,10,1,0,0
Darryl Johnson,NA,16,0,0,0,0,0,0,0,0,0,0,0,1,15,10,5,2,0
Peter Kalambayi,NA,16,0,0,0,0,0,0,0,0,0,0,0,0,18,10,8,0,0
Harvey Langi,lb,16,3,0,0,0,0,1,0,0,0,0,0,0,16,10,6,1,0
Corey Liuget,NA,10,0,0,0,0,0,0,0,0,0,0,0,1,13,10,3,5,0
Frankie Luvu,NA,13,0,0,0,0,0,0,0,0,0,0,0,1,12,10,2,1,0
Justin March-Lillard,NA,16,0,0,0,0,0,1,0,0,0,0,0,0,12,10,2,0,0
Dean Marlowe,s,9,2,0,0,0,0,1,0,0,0,0,0,0,11,10,1,0,0
Benson Mayowa,NA,15,0,0,0,0,0,0,3,0,0,0,0,7,15,10,5,5,0
Jeremy Reaves,db,9,3,0,0,0,0,1,0,0,0,0,0,0,15,10,5,0,0
Jarran Reed,DT,10,10,0,0,0,0,1,1,0,0,0,0,2,27,10,17,0,0
Ryan Smith,NA,12,0,0,0,0,0,1,1,0,0,0,0,0,11,10,1,0,0
Brent Urban,NA,13,0,0,0,0,0,2,0,0,0,0,0,0,16,10,6,1,0
Carlos Watkins,de,10,1,0,0,0,0,1,0,0,1,0,0,1,23,10,13,1,0
Cody Barton,lb,16,2,0,0,0,0,1,0,0,1,0,0,0,23,9,14,0,0
De'Vante Bausby,cb,5,2,0,0,0,0,3,0,0,0,0,0,0,13,9,4,0,0
Justin Bethel,NA,16,0,0,0,0,0,0,0,0,3,0,0,0,12,9,3,0,0
Anthony Chickillo,NA,11,0,0,0,0,0,0,0,0,0,0,0,0.5,19,9,10,0,0
Morris Claiborne,db,8,1,0,0,0,0,0,0,0,0,0,0,0,14,9,5,0,0
Deshazor Everett,NA,7,0,0,0,0,0,0,0,0,0,0,0,0,13,9,4,0,0
David Long,NA,14,0,0,0,0,0,1,1,0,0,0,0,0,15,9,6,2,0
Sherrick McManis,NA,9,0,0,0,0,0,1,1,0,0,0,0,0,11,9,2,0,0
A.J. Moore,NA,16,0,0,0,0,0,0,0,0,0,0,0,0,14,9,5,1,0
Chris Odom,NA,4,0,0,0,0,0,0,1,0,0,0,0,2,10,9,1,1,0
Tim Settle,dl,15,1,0,0,0,0,0,0,0,0,0,0,2,14,9,5,2,0
Tedric Thompson,fs,6,6,2,18,0,18,2,0,0,0,0,0,0,19,9,10,0,0
Jerry Tillery,dt,15,3,0,0,0,0,0,0,0,0,0,0,2,17,9,8,3,0
Dee Virgin,NA,15,0,0,0,0,0,0,1,0,0,0,0,0,10,9,1,0,0
Quincy Wilson,NA,9,0,0,0,0,0,0,0,0,0,0,0,0,11,9,2,0,0
Matthew Adams,lb,16,4,0,0,0,0,0,0,0,0,0,0,0,10,8,2,1,0
Maurice Alexander,NA,7,0,0,0,0,0,0,0,0,0,0,0,0,11,8,3,0,0
Jatavis Brown,lb,13,1,0,0,0,0,0,0,0,1,0,0,0,10,8,2,0,0
Deon Bush,NA,15,0,0,0,0,0,2,0,0,0,0,0,0,8,8,0,0,0
Ibraheim Campbell,s,7,3,0,0,0,0,0,1,0,0,0,0,0,14,8,6,0,0
Marcell Dareus,dt,6,6,0,0,0,0,1,0,0,0,0,0,0.5,13,8,5,1,0
Cody Davis,NA,16,0,0,0,0,0,1,0,0,0,0,0,0,13,8,5,0,0
Ben Gedeon,lb,8,5,0,0,0,0,0,0,0,0,0,0,0,13,8,5,0,0
Carl Granderson,NA,8,0,0,0,0,0,0,0,0,0,0,0,1,11,8,3,2,0
Dre'Mont Jones,de,14,1,1,7,0,7,2,0,0,0,0,0,3.5,14,8,6,3,0
Chris Lammons,NA,12,0,1,0,0,0,3,0,0,0,0,0,0,13,8,5,0,0
David Long Jr.,NA,8,0,0,0,0,0,2,0,0,0,0,0,0,9,8,1,0,0
Raheem Mostert,NA,16,0,0,0,0,0,0,0,2,2,0,0,0,11,8,3,0,0
Mark Nzeocha,NA,16,0,1,1,0,1,1,0,0,0,0,0,0,10,8,2,0,0
Charles Omenihu,NA,14,0,0,0,0,0,2,2,0,0,0,0,3,13,8,5,2,0
Nate Orchard,NA,5,0,0,0,0,0,1,0,0,1,0,0,1,14,8,6,2,0
Kareem Orr,NA,2,0,0,0,0,0,0,0,0,0,0,0,0,9,8,1,0,0
Patrick Ricard,fb,16,7,0,0,0,0,1,1,0,0,0,0,1,9,8,1,1,0
Coty Sensabaugh,NA,6,2,0,0,0,0,0,0,0,0,0,0,0,11,8,3,1,0
Robert Spillane,NA,8,0,0,0,0,0,0,0,0,0,0,0,0,11,8,3,0,0
Jacob Tuioti-Mariner,dt,8,1,0,0,0,0,0,1,0,0,0,0,0,14,8,6,1,0
Shy Tuttle,dl,16,1,1,19,0,19,4,0,0,0,0,0,2,18,8,10,3,0
Tanner Vallejo,NA,11,0,0,0,0,0,0,1,0,0,0,0,1,8,8,0,2,0
Tyrell Adams,lb,5,2,0,0,0,0,0,1,0,0,0,0,0,13,7,6,0,0
Jamal Agnew,NA,13,0,0,0,0,0,0,1,1,0,0,0,0,9,7,2,0,0
Alex Anzalone,NA,2,0,0,0,0,0,0,0,0,0,0,0,1,7,7,0,1,0
Ben Banogu,NA,16,0,0,0,0,0,1,1,0,0,0,0,2.5,11,7,4,3,0
Nick Bellore,fb,14,1,0,0,0,0,0,0,0,1,0,0,0,7,7,0,0,0
Brandon Bolden,rb,15,2,0,0,0,0,0,1,0,0,0,0,0,7,7,0,0,0
Tony Brown,NA,9,0,0,0,0,0,0,0,0,0,0,0,0,11,7,4,0,0
Oren Burks,NA,12,0,0,0,0,0,0,0,0,0,0,0,0,11,7,4,0,0
Tae Davis,NA,13,1,0,0,0,0,0,0,0,0,0,0,0,12,7,5,0,0
Ashton Dulin,NA,13,0,0,0,0,0,0,0,0,0,0,0,0,7,7,0,0,0
Nate Ebner,NA,14,0,0,0,0,0,0,0,0,0,0,0,0,8,7,1,0,0
Dennis Gardeck,NA,14,0,0,0,0,0,0,0,0,1,0,0,0,11,7,4,0,0
C.J. Goodwin,NA,16,0,0,0,0,0,0,0,0,0,0,0,0,9,7,2,0,0
Porter Gustin,NA,6,0,0,0,0,0,0,0,0,1,0,0,1,13,7,6,1,0
Dontrell Hilliard,NA,14,0,0,0,0,0,0,0,2,1,0,0,0,10,7,3,0,0
Timmy Jernigan,DT,10,9,0,0,0,0,0,0,0,0,0,0,2,10,7,3,3,0
Jaquan Johnson,NA,13,0,0,0,0,0,0,0,0,0,0,0,0,8,7,1,0,0
Colin Jones,NA,16,0,0,0,0,0,0,0,0,0,0,0,0,9,7,2,0,0
Cre'von LeBlanc,cb,4,1,0,0,0,0,2,0,0,0,0,0,0,8,7,1,0,0
Steve Longa,NA,10,0,0,0,0,0,0,0,0,0,0,0,0,15,7,8,0,0
Domata Peko,dt,7,3,0,0,0,0,0,0,0,0,0,0,0,14,7,7,0,0
Olsen Pierre,NA,9,0,0,0,0,0,0,0,0,0,0,0,2,8,7,1,3,0
Sheldon Rankins,NA,10,0,0,0,0,0,0,0,0,0,0,0,2,10,7,3,2,0
Matthew Slater,NA,16,0,0,0,0,0,0,0,0,1,0,0,0,10,7,3,0,0
Aqib Talib,cb,5,5,0,0,0,0,2,0,0,0,0,0,0,14,7,7,0,0
Jullian Taylor,NA,6,0,0,0,0,0,1,0,0,1,10,0,0,9,7,2,4,0
Logan Thomas,te,16,3,0,0,0,0,0,0,0,0,0,0,0,7,7,0,0,0
Armon Watts,dt,7,1,0,0,0,0,1,1,0,0,0,0,1.5,13,7,6,0,0
Kayvon Webster,db,2,1,0,0,0,0,2,0,0,0,0,0,0,7,7,0,1,0
Xavier Williams,NA,5,0,0,0,0,0,0,1,0,0,0,0,0,8,7,1,0,0
Ameer Abdullah,NA,16,0,0,0,0,0,0,0,1,0,0,0,0,7,6,1,0,0
Zach Allen,dl,4,1,0,0,0,0,0,0,0,0,0,0,0,8,6,2,1,0
Chris Banjo,NA,13,0,0,0,0,0,0,0,0,0,0,0,0,12,6,6,0,0
Chris Board,NA,15,0,0,0,0,0,0,1,0,0,0,0,0,10,6,4,1,0
Breon Borders,NA,12,1,0,0,0,0,0,0,0,1,0,0,0,7,6,1,0,0
Ventell Bryant,NA,12,0,0,0,0,0,0,0,0,0,0,0,0,6,6,0,0,0
Shilique Calhoun,lb,15,1,0,0,0,0,0,1,0,0,0,0,0,9,6,3,0,0
Cody Core,NA,16,0,0,0,0,0,0,0,0,0,0,0,0,8,6,2,0,0
Jack Crawford,dl,16,4,0,0,0,0,3,0,0,0,0,0,0.5,24,6,18,1,0
Ken Crawley,NA,5,2,0,0,0,0,0,0,0,0,0,0,0,6,6,0,0,0
Dane Cruikshank,NA,16,0,0,0,0,0,0,0,0,0,0,0,0,10,6,4,0,0
Jordan Dangerfield,NA,16,0,0,0,0,0,0,1,0,0,0,0,0,13,6,7,1,0
Mike Daniels,dt,9,2,0,0,0,0,0,0,0,0,0,0,1,10,6,4,2,0
Mario Edwards,NA,14,0,0,0,0,0,0,1,0,0,0,0,3,8,6,2,2,0
DeShon Elliott,NA,6,0,0,0,0,0,1,0,0,0,0,0,0,6,6,0,0,0
Jordan Evans,NA,16,0,0,0,0,0,1,0,0,0,0,0,0,12,6,6,0,0
Greg Gaines,NA,10,0,0,0,0,0,0,0,0,0,0,0,0.5,13,6,7,0,0
Raven Greene,s,2,1,0,0,0,0,1,0,0,0,0,0,0,7,6,1,0,0
Montre Hartage,NA,4,0,0,0,0,0,1,0,0,0,0,0,0,8,6,2,0,0
Joshua Kalu,NA,8,0,0,0,0,0,1,0,0,0,0,0,0,6,6,0,0,0
Christian Kirksey,lb,2,2,0,0,0,0,0,0,0,0,0,0,0,11,6,5,2,0
Dallin Leavitt,NA,15,0,0,0,0,0,0,0,0,0,0,0,0,10,6,4,0,0
Jacob Martin,NA,14,0,0,0,0,0,0,1,0,1,0,0,3.5,11,6,5,3,0
Jordan Richards,NA,12,0,0,0,0,0,0,0,0,1,0,1,0,7,6,1,0,0
Anthony Rush,NA,9,0,0,0,0,0,2,0,0,0,0,0,0,9,6,3,3,0
Orlando Scandrick,cb,3,1,0,0,0,0,0,2,0,1,44,1,2,7,6,1,0,0
Nick Scott,NA,16,0,0,0,0,0,0,0,0,0,0,0,0,8,6,2,0,0
Nathan Shepherd,NA,9,0,0,0,0,0,0,0,0,0,0,0,2,11,6,5,5,0
Trent Sherfield,wr,16,1,0,0,0,0,0,0,0,1,0,0,0,8,6,2,0,0
Durham Smythe,TE,16,14,0,0,0,0,0,0,0,0,0,0,0,7,6,1,0,0
Julian Stanford,NA,16,0,0,0,0,0,0,0,0,1,0,0,0,8,6,2,0,0
Darian Stewart,fs,13,1,0,0,0,0,1,0,0,0,0,0,0,9,6,3,0,0
Shakial Taylor,NA,5,0,0,0,0,0,1,0,0,0,0,0,0,7,6,1,0,0
Vincent Taylor,NA,3,0,0,0,0,0,1,0,0,0,0,0,0,6,6,0,1,0
Neiko Thorpe,NA,7,0,0,0,0,0,0,0,0,0,0,0,0,8,6,2,0,0
Charles Washington,NA,12,0,0,0,0,0,0,0,0,0,0,0,0,7,6,1,0,0
Olasunkanmi Adeniyi,NA,16,0,0,0,0,0,0,2,0,0,0,0,0,8,5,3,0,0
D.J. Alexander,NA,5,0,0,0,0,0,0,0,0,0,0,0,0,7,5,2,0,0
Eli Ankou,dt,9,2,0,0,0,0,0,0,0,0,0,0,0,7,5,2,1,0
Johnson Bademosi,NA,10,0,0,0,0,0,0,0,0,0,0,0,0,6,5,1,0,0
Daren Bates,NA,13,0,0,0,0,0,0,1,0,1,0,0,0,10,5,5,0,0
Kyron Brown,cb,3,1,0,0,0,0,0,0,0,0,0,0,0,5,5,0,0,0
Artie Burns,cb,10,1,0,0,0,0,0,0,0,0,0,0,0,8,5,3,0,0
Jamal Carter,NA,11,0,0,0,0,0,1,0,0,0,0,0,0,10,5,5,0,0
Geremy Davis,wr,7,1,0,0,0,0,0,0,0,0,0,0,0,5,5,0,0,0
Sean Davis,s,1,1,0,0,0,0,0,0,0,0,0,0,0,5,5,0,0,0
Marcus Epps,NA,15,0,0,0,0,0,0,0,0,0,0,0,0,6,5,1,0,0
Matthias Farley,NA,13,0,0,0,0,0,0,0,0,0,0,0,0,6,5,1,0,0
Jaeden Graham,NA,16,0,0,0,0,0,0,0,0,0,0,0,0,6,5,1,0,0
J.T. Hassell,NA,4,0,0,0,0,0,0,0,0,0,0,0,0,7,5,2,0,0
Marquis Haynes,NA,11,0,0,0,0,0,0,0,0,1,15,0,1,12,5,7,1,0
D'Ernest Johnson,NA,16,0,0,0,0,0,0,0,0,0,0,0,0,7,5,2,0,0
Joseph Jones,NA,12,0,0,0,0,0,0,0,0,0,0,0,0,8,5,3,0,0
Dion Jordan,NA,7,0,0,0,0,0,1,0,0,0,0,0,2,5,5,0,1,0
Patrick Laird,rb,15,4,0,0,0,0,0,0,0,1,0,0,0,6,5,1,0,0
Kyle Love,dt,15,1,0,0,0,0,1,0,0,0,0,0,0,8,5,3,1,0
Albert McClellan,NA,5,0,0,0,0,0,0,0,0,0,0,0,0,9,5,4,0,0
R.J. McIntosh,NA,12,0,0,0,0,0,0,0,0,0,0,0,2,13,5,8,2,0
Barkevious Mingo,lb,16,1,0,0,0,0,0,0,0,0,0,0,0,6,5,1,0,0
C.J. Moore,NA,16,0,0,0,0,0,0,0,0,0,0,0,0,7,5,2,0,0
Calvin Munson,lb,2,2,0,0,0,0,0,0,0,0,0,0,0,7,5,2,0,0
Hardy Nickerson,NA,7,0,0,0,0,0,0,0,0,0,0,0,0,6,5,1,0,0
Rakeem Nunez-Roches,NA,16,0,0,0,0,0,0,0,0,1,0,0,0,9,5,4,1,0
Dorian O'Daniel,NA,14,0,0,0,0,0,0,0,0,1,0,0,0,8,5,3,0,0
Zach Pascal,WR,16,13,0,0,0,0,0,0,0,1,0,0,0,5,5,0,1,1
Cordarrelle Patterson,wr,16,4,0,0,0,0,0,0,0,0,0,0,0,6,5,1,0,0
Senorise Perry,NA,11,0,0,0,0,0,0,0,0,0,0,0,0,6,5,1,0,0
LaRoy Reynolds,NA,15,0,0,0,0,0,1,0,0,0,0,0,0,6,5,1,0,0
Hassan Ridgeway,dt,7,5,0,0,0,0,0,0,0,0,0,0,2,8,5,3,4,0
Derick Roberson,NA,3,0,0,0,0,0,0,0,0,0,0,0,3,6,5,1,3,0
Dominique Rodgers-Cromartie,cb,2,1,0,0,0,0,0,0,0,0,0,0,0,7,5,2,0,0
Anthony Sherman,NA,16,0,0,0,0,0,0,0,0,0,0,0,0,8,5,3,0,0
Zach Sieler,NA,7,1,0,0,0,0,2,0,0,0,0,0,1,11,5,6,1,0
Wendell Smallwood,NA,15,0,0,0,0,0,0,0,0,2,0,0,0,5,5,0,0,0
Andre Smith,NA,16,0,0,0,0,0,0,0,0,0,0,0,0,5,5,0,0,0
Keith Smith,fb,16,5,0,0,0,0,0,2,0,0,0,0,0,8,5,3,0,0
Taylor Stallworth,NA,4,0,0,0,0,0,0,0,0,0,0,0,0,8,5,3,0,0
Josiah Tauaefa,NA,12,0,0,0,0,0,0,1,0,0,0,0,0,6,5,1,2,0
De'Anthony Thomas,NA,14,0,0,0,0,0,0,0,3,2,0,0,0,5,5,0,0,0
Simeon Thomas,NA,12,0,0,0,0,0,0,0,0,0,0,0,0,8,5,3,0,0
Brynden Trawick,NA,6,0,0,0,0,0,0,0,0,0,0,0,0,6,5,1,0,0
Zeke Turner,NA,12,0,0,0,0,0,0,0,0,0,0,0,0,7,5,2,0,0
Eddie Vanderdoes,NA,3,0,0,0,0,0,0,0,0,0,0,0,0,8,5,3,0,0
Danny Vitale,fb,15,4,0,0,0,0,0,0,0,0,0,0,0,7,5,2,0,0
Justin Watson,wr,16,2,0,0,0,0,0,0,0,0,0,0,0,7,5,2,0,0
Kyle Wilber,lb,14,1,0,0,0,0,2,0,0,0,0,0,0,6,5,1,0,0
Montravius Adams,dl,14,2,0,0,0,0,3,0,0,1,0,0,0,11,4,7,0,0
Beau Allen,NA,13,0,0,0,0,0,0,0,0,0,0,0,0.5,10,4,6,2,0
Ben Braunecker,te,11,3,0,0,0,0,0,0,0,0,0,0,0,5,4,1,0,0
Cortez Broughton,NA,2,0,0,0,0,0,0,0,0,0,0,0,0,5,4,1,0,0
Daniel Brown,te,16,5,0,0,0,0,0,0,0,0,0,0,0,6,4,2,0,0
Rex Burkhead,rb,13,1,0,0,0,0,0,0,1,0,0,0,0,5,4,1,0,0
Derek Carrier,te,16,4,0,0,0,0,0,0,0,0,0,0,0,6,4,2,0,0
Cethan Carter,NA,15,0,0,0,0,0,0,0,0,0,0,0,0,7,4,3,0,0
Chase Edmonds,rb,13,2,0,0,0,0,0,0,0,0,0,0,0,6,4,2,0,0
Trey Edmunds,NA,11,0,1,2,0,2,1,0,0,0,0,0,0,6,4,2,0,0
Emeke Egbule,NA,15,0,0,0,0,0,0,0,0,0,0,0,0,4,4,0,0,0
Jayrone Elliott,NA,5,0,0,0,0,0,0,0,0,0,0,0,0,4,4,0,0,0
Robert Foster,wr,13,2,0,0,0,0,0,0,0,0,0,0,0,4,4,0,0,0
Zaire Franklin,NA,16,0,0,0,0,0,0,0,0,0,0,0,0,6,4,2,0,0
Bryce Hager,lb,5,4,0,0,0,0,0,0,0,0,0,0,0,11,4,7,0,0
Daeshon Hall,NA,9,0,0,0,0,0,0,0,0,0,0,0,1,6,4,2,1,0
C.J. Ham,fb,16,7,0,0,0,0,0,0,1,0,0,0,0,4,4,0,0,0
Da'Shawn Hand,dl,3,2,0,0,0,0,1,0,0,0,0,0,0,6,4,2,1,0
Demone Harris,NA,5,0,0,0,0,0,0,0,0,0,0,0,0,4,4,0,2,0
Jonathan Harris,NA,5,0,0,0,0,0,0,0,0,0,0,0,0,8,4,4,0,0
Tae Hayes,NA,3,0,0,0,0,0,2,0,0,1,0,0,0,7,4,3,0,0
Trysten Hill,NA,7,0,0,0,0,0,0,0,0,0,0,0,0,5,4,1,1,0
Johnny Holton,wr,16,3,0,0,0,0,0,0,0,1,0,0,0,8,4,4,0,0
Ty Johnson,rb,16,1,0,0,0,0,0,0,1,0,0,0,0,4,4,0,0,0
Taiwan Jones,NA,11,0,0,0,0,0,0,0,0,0,0,0,0,9,4,5,0,0
Kenny Ladler,NA,1,0,0,0,0,0,0,0,0,0,0,0,0,4,4,0,0,0
Devaroe Lawrence,dt,11,2,1,0,0,0,1,0,0,1,0,0,0,8,4,4,2,0
Allen Lazard,wr,16,3,0,0,0,0,0,0,0,0,0,0,0,6,4,2,0,0
Aaron Lynch,NA,16,0,0,0,0,0,2,0,0,0,0,0,2,6,4,2,3,0
Isaiah Mack,dt,13,1,0,0,0,0,0,0,0,1,0,0,1.5,8,4,4,1,0
Christopher Milton,NA,6,0,0,0,0,0,0,0,0,0,0,0,0,5,4,1,0,0
Stanley Morgan,NA,11,0,0,0,0,0,0,0,0,0,0,0,0,5,4,1,0,0
C.J. Mosley,lb,2,2,1,17,1,17,2,0,0,1,0,0,0,9,4,5,0,0
Corey Nelson,lb,7,2,0,0,0,0,0,0,0,0,0,0,0,10,4,6,0,0
Parry Nickerson,db,4,1,0,0,0,0,0,0,0,0,0,0,0,6,4,2,0,0
Pat O'Connor,NA,8,0,0,0,0,0,0,0,0,0,0,0,0,6,4,2,0,0
Darius Phillips,cb,8,1,4,82,0,28,7,0,0,0,0,0,0,5,4,1,0,0
Justin Phillips,NA,4,0,0,0,0,0,0,0,0,0,0,0,0,7,4,3,0,0
Byron Pringle,NA,16,0,0,0,0,0,0,0,0,0,0,0,0,7,4,3,0,0
Kalif Raymond,wr,8,1,0,0,0,0,0,0,1,0,0,0,0,5,4,1,0,0
Brooks Reed,NA,9,0,0,0,0,0,0,0,0,0,0,0,1,8,4,4,1,0
Kawann Short,dt,2,2,0,0,0,0,0,0,0,0,0,0,0,4,4,0,1,0
Cameron Smith,NA,5,0,0,0,0,0,0,0,0,0,0,0,0,8,4,4,0,0
Malcolm Smith,NA,4,1,0,0,0,0,0,1,0,0,0,0,0,5,4,1,1,0
Benny Snell,rb,13,2,0,0,0,0,0,0,1,0,0,0,0,4,4,0,0,0
E.J. Speed,NA,12,0,0,0,0,0,0,0,0,0,0,0,0,7,4,3,1,0
Kentavius Street,NA,3,0,0,0,0,0,0,0,0,0,0,0,0,4,4,0,1,0
Adarius Taylor,NA,15,0,0,0,0,0,0,0,0,0,0,0,0,9,4,5,0,0
Manti Te'o,lb,3,2,0,0,0,0,0,0,0,0,0,0,0,6,4,2,0,0
Tavierre Thomas,NA,16,0,0,0,0,0,0,0,0,1,0,0,0,9,4,5,0,0
Corey Thompson,NA,12,0,0,0,0,0,0,0,0,0,0,0,0,7,4,3,1,0
Brandon Watson,NA,8,0,0,0,0,0,0,0,0,0,0,0,0,5,4,1,0,0
DeAndrew White,NA,10,0,0,0,0,0,0,0,0,0,0,0,0,4,4,0,0,0
Joejuan Williams,NA,9,0,0,0,0,0,1,0,0,0,0,0,0,5,4,1,0,0
Jordan Willis,NA,9,0,0,0,0,0,0,1,0,0,0,0,1,7,4,3,0,0
Renell Wren,dt,11,2,0,0,0,0,0,0,0,0,0,0,0,8,4,4,0,0
Abdullah Anderson,NA,6,0,0,0,0,0,0,0,0,0,0,0,1,4,3,1,1,0
Cornell Armstrong,NA,5,0,0,0,0,0,0,0,0,0,0,0,0,4,3,1,0,0
Genard Avery,NA,10,0,0,0,0,0,0,0,0,0,0,0,0.5,6,3,3,0,0
Evan Baylis,NA,5,0,0,0,0,0,0,0,0,0,0,0,0,3,3,0,0,0
B.J. Bello,NA,8,0,0,0,0,0,0,0,0,0,0,0,0,5,3,2,0,0
Devante Bond,NA,7,0,0,0,0,0,0,0,0,0,0,0,0,3,3,0,1,0
Fred Brown,wr,13,1,0,0,0,0,0,0,1,0,0,0,0,5,3,2,0,0
Ben Burr-Kirven,NA,16,0,0,0,0,0,0,1,0,0,0,0,0,8,3,5,0,0
Michael Burton,fb,10,2,0,0,0,0,0,0,0,0,0,0,0,6,3,3,0,0
Sean Chandler,NA,13,0,0,0,0,0,0,0,0,1,0,0,0,7,3,4,0,0
Kurt Coleman,NA,14,0,0,0,0,0,0,0,0,0,0,0,0,3,3,0,1,0
Trevon Coley,NA,7,0,0,0,0,0,0,0,0,0,0,0,0,6,3,3,0,0
John Cominsky,NA,10,0,0,0,0,0,2,0,0,0,0,0,0.5,11,3,8,0,0
Darrell Daniels,NA,11,0,0,0,0,0,0,1,0,0,0,0,0,3,3,0,1,0
Donte Deayon,NA,3,0,0,0,0,0,0,0,0,0,0,0,0,3,3,0,0,0
Michael Dogbe,NA,8,0,0,0,0,0,0,0,0,0,0,0,0,5,3,2,1,0
Nick Dzubnar,NA,16,0,0,0,0,0,0,0,0,0,0,0,0,8,3,5,0,0
Daniel Ekuale,NA,7,0,0,0,0,0,0,0,0,0,0,0,0,4,3,1,1,0
Rudy Ford,NA,10,0,0,0,0,0,0,0,0,0,0,0,0,6,3,3,0,0
Kavon Frazier,NA,4,0,0,0,0,0,0,0,0,0,0,0,0,5,3,2,0,0
Luke Gifford,NA,6,0,0,0,0,0,0,0,0,0,0,0,0,6,3,3,0,0
Ulysees Gilbert,NA,7,0,0,0,0,0,0,0,0,0,0,0,0,5,3,2,0,0
Cullen Gillaspia,NA,16,0,0,0,0,0,0,0,0,0,0,0,0,6,3,3,0,0
Stephen Gostkowski,k,4,0,0,0,0,0,0,0,0,0,0,0,0,3,3,0,0,0
Shaquem Griffin,NA,16,0,0,0,0,0,0,0,0,0,0,0,0,5,3,2,0,0
Thomas Hennessy,NA,16,0,0,0,0,0,0,0,0,0,0,0,0,4,3,1,0,0
Travis Homer,rb,16,1,0,0,0,0,0,0,0,2,0,0,0,3,3,0,0,0
DeAndre Houston-Carson,NA,16,0,0,0,0,0,0,0,0,0,0,0,0,6,3,3,0,0
Joel Iyiegbuniwe,NA,15,0,0,0,0,0,0,0,0,0,0,0,0,4,3,1,0,0
Bennett Jackson,NA,6,0,0,0,0,0,0,0,0,0,0,0,0,6,3,3,0,0
Robert Jackson,NA,6,0,0,0,0,0,0,0,0,0,0,0,0,3,3,0,0,0
Natrell Jamerson,NA,5,0,0,0,0,0,0,0,0,0,0,0,0,3,3,0,0,0
Darius Jennings,NA,8,0,0,0,0,0,0,0,0,0,0,0,0,4,3,1,0,0
Dontae Johnson,NA,9,0,0,0,0,0,0,0,0,0,0,0,0,3,3,0,0,0
Cyrus Jones,cb,8,1,0,0,0,0,0,0,1,0,0,0,0,4,3,1,0,0
Kingsley Keke,NA,14,0,0,0,0,0,0,0,0,0,0,0,0,10,3,7,0,0
Arden Key,NA,7,0,0,0,0,0,0,0,0,0,0,0,2,4,3,1,2,0
Jordan Kunaszyk,NA,9,0,0,0,0,0,0,0,0,0,0,0,0,7,3,4,0,0
Deon Lacey,NA,16,0,0,0,0,0,0,0,0,0,0,0,0,4,3,1,0,0
Justin Layne,NA,10,0,0,0,0,0,0,0,0,0,0,0,0,3,3,0,0,0
Elijah Lee,lb,8,1,0,0,0,0,0,0,0,0,0,0,0,7,3,4,1,0
Tyquan Lewis,NA,9,0,0,0,0,0,0,0,0,0,0,0,0,5,3,2,1,0
Rick Lovato,NA,16,0,0,0,0,0,0,0,0,0,0,0,0,4,3,1,0,0
Jordan Lucas,NA,14,0,0,0,0,0,1,0,0,0,0,0,0,7,3,4,0,0
Cole Luke,NA,8,0,0,0,0,0,0,0,0,0,0,0,0,3,3,0,0,0
Kareem Martin,NA,5,0,0,0,0,0,0,0,0,0,0,0,0,6,3,3,1,0
Lerentee McCray,NA,9,0,0,0,0,0,0,0,0,0,0,0,0,5,3,2,0,0
Daniel McCullers,NA,16,0,0,0,0,0,1,0,0,0,0,0,0,8,3,5,0,0
Rontez Miles,NA,7,0,0,0,0,0,0,0,0,0,0,0,0,7,3,4,0,0
Jordan Miller,NA,10,0,0,0,0,0,0,0,0,1,0,0,0,4,3,1,0,0
Foster Moreau,te,13,7,0,0,0,0,0,0,0,0,0,0,0,3,3,0,0,0
Johnny Mundt,te,13,2,0,0,0,0,0,1,0,0,0,0,0,3,3,0,0,0
Ryan Nall,NA,8,0,0,0,0,0,0,0,0,0,0,0,0,3,3,0,0,0
Ogbonnia Okoronkwo,NA,10,0,0,0,0,0,0,0,0,0,0,0,1.5,7,3,4,1,0
Qadree Ollison,NA,8,0,0,0,0,0,0,0,1,1,0,0,0,4,3,1,0,0
Samaje Perine,NA,7,0,0,0,0,0,0,0,0,0,0,0,0,4,3,1,0,0
Troymaine Pope,NA,14,0,0,0,0,0,0,0,1,0,0,0,0,4,3,1,0,0
Isaac Rochell,NA,16,0,0,0,0,0,1,0,0,0,0,0,1,12,3,9,1,0
Dontavius Russell,NA,3,0,0,0,0,0,0,0,0,0,0,0,0,4,3,1,0,0
Rod Smith,NA,6,0,0,0,0,0,0,1,0,0,0,0,0,3,3,0,0,0
Linden Stephens,NA,3,0,0,0,0,0,0,0,0,0,0,0,0,3,3,0,0,0
Kevin Strong,NA,8,0,0,0,0,0,1,0,0,0,0,0,0,5,3,2,0,0
James Vaughters,NA,3,0,0,0,0,0,0,0,0,0,0,0,0,3,3,0,0,0
Cameron Wake,lb,9,0,0,0,0,0,1,0,0,0,0,0,2.5,4,3,1,2,1
