,Game,Game,Tack,Tack,Tack,Tack,Tack,Def,Def,Def,Def,Fumb,Fumb,Fumb,Fumb,Fumb
Player,G,GS,Sacks,Solo,Ast,Comb,TFL,Int,IntYds,IntTd,PD,Fmb,FR,FumbYds,FumbTD,FF
,,,,,,,,,,,,,,,,
Terrell Suggs,244,226,139,630,265,895,202,7,144,2,63,0,15,74,1,37
Von Miller,135,135,106,380,110,490,135,2,68,1,21,0,9,65,1,26
Cameron Wake,155,126,100.5,282,82,364,99,1,12,0,16,0,2,0,0,22
Chandler Jones,119,116,96,295,126,421,105,1,0,0,23,0,8,0,1,27
J.J. Watt,112,112,96,373,106,479,158,1,80,1,54,0,15,68,1,23
Clay Matthews,156,150,91.5,383,136,519,130,6,191,2,44,1,5,109,1,17
Ryan Kerrigan,140,140,90,321,116,437,114,3,61,3,24,0,3,0,0,26
Justin Houston,118,112,89.5,352,74,426,109,4,52,1,32,0,13,24,1,16
Calais Campbell,186,168,88,519,177,696,151,3,24,0,48,1,11,73,3,14
Cameron Jordan,144,143,87,312,151,463,113,2,6,1,47,0,10,11,0,10
Carlos Dunlap,148,111,81.5,315,157,472,101,2,30,2,58,0,9,100,1,20
Robert Quinn,125,106,80.5,226,64,290,90,0,0,0,20,0,2,33,1,25
Jason Pierre-Paul,137,109,79.5,384,133,517,112,2,52,2,51,0,8,53,1,16
Geno Atkins,153,134,75.5,227,156,383,100,0,0,0,6,1,2,19,1,8
Everson Griffen,147,88,74.5,258,97,355,86,2,46,1,16,0,6,34,1,9
Aaron Donald,94,90,72,220,92,312,117,0,0,0,11,0,5,40,0,15
Michael Bennett,156,101,69.5,259,100,359,132,0,0,0,6,0,5,39,1,13
Khalil Mack,94,93,61.5,308,90,398,86,2,33,2,19,0,7,1,0,20
Gerald McCoy,139,139,59.5,235,99,334,86,0,0,0,24,0,4,12,0,6
Ndamukong Suh,158,158,58.5,346,173,519,114,1,20,0,36,0,8,60,3,4
Mario Addison,126,51,55,136,86,222,49,0,0,0,2,0,4,0,0,11
Danielle Hunter,78,49,54.5,193,83,276,67,0,0,0,3,0,4,60,2,6
Olivier Vernon,113,95,54.5,255,98,353,75,1,0,0,2,0,2,43,0,8
Cameron Heyward,134,99,54,257,140,397,79,0,0,0,30,0,5,9,0,6
Bruce Irvin,119,90,52,210,93,303,63,3,92,2,12,0,3,36,0,16
Jerry Hughes,152,103,51.5,249,116,365,77,0,0,0,14,0,3,31,1,12
Jabaal Sheard,134,103,51.5,264,123,387,71,0,0,0,27,0,3,5,0,13
Jurrell Casey,139,137,51,325,168,493,84,0,0,0,12,0,5,1,0,8
Brandon Graham,143,86,51,277,91,368,91,0,0,0,7,0,6,24,1,17
Ezekiel Ansah,91,74,50.5,174,62,236,63,0,0,0,4,0,5,6,0,12
Whitney Mercilus,115,89,50,216,108,324,63,2,88,0,6,0,8,14,0,13
Melvin Ingram,106,89,49,260,90,350,70,2,17,0,26,1,7,45,1,14
Fletcher Cox,125,119,48,260,107,367,62,0,0,0,13,0,11,48,2,11
Frank Clark,76,44,43,119,54,173,47,2,31,0,10,0,5,27,0,11
Joey Bosa,51,49,40,148,53,201,53,0,0,0,1,0,2,0,0,5
DeMarcus Lawrence,80,63,39,156,86,242,58,1,13,0,4,1,7,10,0,11
Vic Beasley,78,60,37.5,119,37,156,36,1,0,0,12,0,2,95,2,11
Marcell Dareus,121,107,37.5,255,110,365,50,0,0,0,15,0,2,0,0,3
Yannick Ngakoue,63,62,37.5,105,17,122,42,2,32,1,9,0,3,65,1,14
Dee Ford,78,43,37,113,38,151,42,0,0,0,7,0,0,0,0,11
Adrian Clayborn,110,52,36.5,145,51,196,52,0,0,0,1,0,4,15,2,10
Preston Smith,80,66,36.5,143,81,224,40,5,56,0,17,0,3,13,1,5
T.J. Watt,47,47,34.5,125,52,177,36,3,24,0,18,0,4,0,0,15
Pernell McPhee,116,30,34,164,48,212,53,1,13,0,15,0,2,24,0,6
Shaquil Barrett,77,31,33.5,156,53,209,44,1,4,0,9,0,3,0,0,13
Akiem Hicks,114,86,33.5,201,112,313,61,0,0,0,8,0,5,0,1,6
Lorenzo Alexander,191,58,33,338,134,472,46,3,37,0,31,1,4,7,0,12
Chris Jones,61,41,33,97,39,136,37,2,17,1,20,0,1,12,0,7
Derek Wolfe,108,108,33,206,93,299,46,1,2,0,15,0,2,1,0,1
Malik Jackson,111,67,32.5,184,55,239,55,0,0,0,23,0,3,-2,0,6
Kawann Short,96,73,32.5,164,110,274,59,0,0,0,12,0,6,11,0,9
Jadeveon Clowney,75,66,32,172,64,236,71,1,27,1,14,0,8,81,3,8
Za'Darius Smith,74,32,32,112,62,174,41,0,0,0,5,0,0,0,0,4
Bud Dupree,70,55,31.5,146,54,200,46,1,10,1,9,0,3,0,0,6
Myles Garrett,37,35,30.5,74,30,104,32,0,0,0,4,0,1,0,0,6
Mike Daniels,111,74,30,160,75,235,49,1,6,0,5,0,3,43,1,2
Vinny Curry,112,25,29.5,129,49,178,43,0,0,0,2,0,1,0,0,5
Thomas Davis,192,174,29,854,356,1210,90,13,79,0,54,0,11,77,1,18
Markus Golden,62,40,29,134,57,191,39,0,0,0,3,0,2,62,1,6
DeForest Buckner,63,63,28.5,166,97,263,38,0,0,0,11,0,7,12,1,3
Matt Judon,62,36,28.5,135,51,186,45,0,0,0,8,0,2,3,0,7
Trey Flowers,61,52,28,133,82,215,33,0,0,0,6,0,2,-3,0,7
Wesley Woodyard,180,110,28,628,324,952,58,8,81,0,31,0,5,19,2,8
Dante Fowler,63,21,27.5,104,37,141,34,0,0,0,12,0,6,79,2,6
Alex Okafor,78,60,27,131,45,176,33,1,26,0,10,0,3,0,0,4
Sheldon Richardson,105,102,26.5,238,159,397,53,1,5,0,11,0,5,20,0,9
Dont'a Hightower,102,99,25.5,314,191,505,42,1,27,0,17,0,5,32,2,2
Corey Liuget,118,103,25,217,70,287,64,0,0,0,20,0,6,24,1,5
Jamie Collins,96,86,24.5,380,195,575,54,10,167,1,30,1,6,17,1,16
Linval Joseph,141,134,24,316,209,525,50,0,0,0,6,0,5,80,1,8
Trent Murphy,76,49,24,102,70,172,30,1,0,0,6,0,7,15,0,10
Devon Kennard,83,65,23.5,212,95,307,41,1,0,0,8,0,5,13,1,4
Stephon Tuitt,76,64,23.5,143,58,201,38,1,3,0,10,0,1,0,0,4
Denico Autry,82,43,23,121,48,169,41,0,0,0,17,0,3,0,0,3
Michael Brockers,123,121,23,229,115,344,43,0,0,0,9,0,1,0,0,2
Tyrone Crawford,96,76,23,113,67,180,31,0,0,0,6,0,3,0,0,3
Tyson Alualu,157,100,22.5,235,125,360,42,0,0,0,9,0,3,7,0,3
Lavonte David,121,121,22.5,724,284,1008,116,11,174,2,45,0,14,74,1,21
Demario Davis,128,114,22.5,547,256,803,60,2,1,0,29,0,6,8,0,3
Brooks Reed,129,86,22.5,188,96,284,36,1,5,0,11,0,2,0,0,4
Grady Jarrett,77,62,21.5,133,115,248,43,0,0,0,0,0,1,0,0,5
Clinton McDonald,121,37,21,178,101,279,37,2,6,0,6,1,6,6,0,0
Allen Bailey,117,66,20.5,156,77,233,38,0,0,0,6,0,7,3,1,4
Matthew Ioannidis,54,34,20.5,84,46,130,20,0,0,0,1,0,1,0,0,2
Jordan Jenkins,60,50,20.5,100,57,157,22,0,0,0,7,0,5,0,0,6
Dontari Poe,121,118,20.5,202,76,278,31,0,0,0,14,0,1,0,0,2
Aaron Lynch,73,22,20,81,24,105,36,1,20,0,10,0,1,0,0,0
Benson Mayowa,87,15,20,93,38,131,34,0,0,0,5,0,4,40,0,6
Domata Peko,208,189,20,315,285,600,47,0,0,0,14,0,5,1,0,3
Bobby Wagner,119,118,19.5,645,430,1075,58,10,184,1,47,1,9,82,3,5
Arik Armstead,62,43,19,96,56,152,24,0,0,0,3,0,1,0,0,3
Mychal Kendricks,103,91,19,404,144,548,52,4,26,0,30,0,5,21,0,7
John Simon,81,36,19,146,78,224,21,2,32,1,8,0,1,0,0,2
Leonard Floyd,54,54,18.5,108,46,154,26,1,19,1,9,0,3,21,1,1
Brandon Mebane,182,176,18.5,299,168,467,63,1,5,0,10,0,4,0,0,3
Sam Acho,110,57,18,178,63,241,22,3,5,0,11,0,3,1,0,11
Carl Nassib,59,32,18,80,35,115,31,0,0,0,11,0,1,0,0,3
Emmanuel Ogbah,50,44,18,93,61,154,22,0,0,0,20,0,2,0,0,3
Zach Brown,100,80,17.5,462,202,664,59,7,204,2,22,1,3,6,0,6
Timmy Jernigan,71,53,17.5,70,62,132,29,1,0,0,3,1,1,1,0,0
Kyle Van Noy,81,52,17.5,200,89,289,24,2,0,0,10,0,4,68,2,5
Leonard Williams,79,75,17.5,135,131,266,34,1,6,0,6,0,0,0,0,3
Vince Williams,107,55,17.5,286,123,409,36,2,30,1,5,0,4,0,0,0
Corey Peters,129,112,17,183,94,277,44,1,1,0,8,0,2,13,1,1
Kenny Clark,60,46,16.5,112,81,193,24,0,0,0,7,0,4,2,0,4
Kyler Fackrell,61,9,16.5,80,31,111,21,0,0,0,1,0,1,0,0,1
Shaq Lawson,50,17,16.5,63,45,108,25,0,0,0,10,0,0,0,0,5
Takkarist McKinley,45,21,16.5,48,23,71,21,0,0,0,1,0,1,0,0,2
Jack Crawford,93,27,16,71,66,137,21,1,6,0,4,0,0,0,0,2
Sheldon Rankins,51,32,16,64,32,96,22,1,27,0,2,0,0,0,0,3
Jeremiah Attaochu,61,18,15.5,89,24,113,25,0,0,0,2,0,1,1,0,3
Wes Horton,83,35,15.5,53,44,97,13,0,0,0,2,0,2,4,0,7
Jarran Reed,56,47,15.5,80,76,156,17,0,0,0,5,0,2,2,0,2
Jonathan Allen,36,36,15,84,55,139,18,0,0,0,1,0,1,0,0,0
Anthony Barr,85,85,15,291,126,417,36,2,34,0,26,0,5,46,1,8
Kyle Love,115,32,15,81,67,148,19,0,0,0,3,0,5,0,0,4
Jordan Phillips,76,35,15,77,36,113,27,1,17,0,14,0,1,0,0,1
Maliek Collins,61,55,14.5,54,30,84,20,0,0,0,0,0,5,6,0,1
Javon Hargrave,63,52,14.5,106,62,168,22,0,0,0,2,0,1,0,1,2
Sam Hubbard,31,15,14.5,73,42,115,17,0,0,0,5,0,1,19,1,2
Carl Lawson,35,3,14.5,31,14,45,15,0,0,0,0,0,0,0,0,0
Avery Williamson,79,75,14.5,319,177,496,26,3,36,0,14,0,3,43,0,5
Derek Barnett,35,20,14,54,13,67,23,0,0,0,0,0,2,23,1,3
Shelby Harris,56,22,14,83,53,136,24,1,0,0,16,0,0,0,0,1
Cassius Marsh,84,8,14,114,45,159,25,0,0,0,0,0,2,0,0,4
Shane Ray,49,15,14,64,30,94,15,0,0,0,2,0,2,18,1,2
Ronald Blair,47,2,13.5,59,29,88,22,0,0,0,0,0,1,0,0,1
Johnathan Hankins,98,86,13.5,162,108,270,34,0,0,0,8,0,2,0,0,3
Harold Landry,31,19,13.5,67,45,112,17,1,0,0,3,0,2,0,0,2
Star Lotulelei,108,107,13.5,105,72,177,32,1,0,0,7,0,2,0,0,2
Orlando Scandrick,143,77,13.5,406,51,457,27,9,42,1,76,0,2,59,1,10
Bradley Chubb,20,20,13,57,24,81,19,0,0,0,2,0,1,4,0,3
Harrison Smith,114,113,13,503,155,658,37,23,397,4,56,0,8,0,0,7
Eddie Goldman,67,63,12.5,102,51,153,17,0,0,0,1,0,2,0,0,0
Steve McLendon,138,86,12.5,150,84,234,41,0,0,0,2,0,2,0,0,3
Jamal Adams,46,46,12,210,63,273,28,2,99,1,25,0,4,30,1,6
Mark Barron,119,102,12,541,169,710,48,9,52,0,42,1,4,30,0,5
William Gholston,103,56,12,180,92,272,39,0,0,0,10,0,1,0,0,3
Darius Leonard,28,28,12,182,102,284,19,7,130,1,15,1,2,0,0,6
Larry Ogunjobi,45,32,12,85,49,134,24,0,0,0,1,0,0,0,0,1
Lawrence Guy,115,66,11.5,163,143,306,29,1,5,0,8,0,4,6,0,2
Christian Kirksey,73,54,11.5,304,180,484,30,2,17,0,16,0,3,8,0,4
Benardrick McKinney,76,73,11.5,295,198,493,34,1,0,0,13,0,2,1,0,4
Deatrich Wise,46,11,11.5,51,31,82,13,0,0,0,1,0,0,0,0,1
K.J. Wright,128,124,11.5,533,322,855,55,5,35,0,44,0,7,34,0,10
Henry Anderson,58,35,11,79,46,125,19,0,0,0,8,0,1,0,0,1
Adam Butler,48,8,11,36,26,62,14,0,0,0,7,0,0,0,0,1
Rodney Gunter,77,38,11,86,40,126,26,0,0,0,1,0,1,0,0,2
Damon Harrison,117,110,11,292,193,485,37,1,9,0,10,0,1,0,0,4
Logan Ryan,109,85,11,367,127,494,15,17,183,1,78,0,0,0,0,9
Malcom Brown,76,67,10.5,121,99,220,20,0,0,0,1,0,4,0,0,1
Marcus Davenport,26,13,10.5,27,26,53,11,0,0,0,2,0,0,0,0,4
Mario Edwards,59,24,10.5,71,22,93,12,0,0,0,2,0,0,0,0,3
Reshad Jones,128,113,10.5,599,177,776,41,21,361,4,55,3,7,85,2,3
Dion Jordan,50,4,10.5,71,20,91,11,0,0,0,5,0,0,0,0,2
A.J. Klein,103,65,10.5,225,114,339,34,3,28,1,11,0,3,17,0,6
Akeem Spence,103,57,10.5,120,75,195,19,0,0,0,0,0,4,0,0,1
Kenny Vaccaro,97,96,10.5,375,152,527,29,10,147,0,39,1,3,8,1,4
Maxx Crosby,16,10,10,36,11,47,16,0,0,0,4,0,0,0,0,4
Jarrad Davis,41,41,10,176,83,259,18,1,12,0,9,0,3,36,0,5
Kerry Hyder,40,2,10,38,21,59,15,0,0,0,1,0,2,0,0,0
Malcolm Jenkins,167,159,10,682,192,874,41,17,498,6,95,1,11,75,1,18
Blake Martinez,61,57,10,331,181,512,29,3,29,0,17,0,2,0,0,2
Barkevious Mingo,110,38,10,156,64,220,24,1,7,0,14,0,5,0,0,5
Damontre Moore,56,0,10,63,25,88,11,0,0,0,4,0,1,7,0,3
Romeo Okwara,51,19,10,55,40,95,11,0,0,0,3,0,0,0,0,2
Antoine Bethea,209,200,9.5,995,338,1333,33,25,312,1,81,0,7,5,0,9
Morgan Burnett,121,112,9.5,540,229,769,27,10,95,0,52,0,10,93,1,8
Samson Ebukam,48,21,9.5,77,42,119,13,1,25,1,5,0,4,11,1,5
Abry Jones,100,47,9.5,125,63,188,18,0,0,0,12,0,3,0,0,3
Patrick Onwuasor,57,32,9.5,161,73,234,17,1,33,0,6,0,1,0,0,5
David Onyemata,63,25,9.5,74,49,123,11,0,0,0,3,0,0,0,0,1
Shaq Thompson,70,61,9.5,238,118,356,29,1,12,0,12,0,2,9,1,2
Eric Weddle,201,186,9.5,903,276,1179,38,29,467,4,98,3,7,113,1,8
Nick Bosa,16,14,9,32,15,47,16,1,46,0,2,0,2,6,0,1
Taco Charlton,37,12,9,42,25,67,11,0,0,0,2,0,1,0,0,3
Eric Kendricks,74,70,9,342,190,532,34,4,111,2,35,0,4,25,0,4
Tyrann Mathieu,98,89,9,416,56,472,36,17,209,1,61,0,2,19,0,4
Craig Robertson,120,65,9,365,207,572,31,10,133,0,26,0,9,31,1,2
Danny Trevathan,96,77,9,427,182,609,26,8,88,1,34,1,3,0,0,6
Nigel Bradham,115,96,8.5,403,216,619,34,3,50,0,33,0,5,85,2,5
Jayon Brown,46,23,8.5,171,83,254,12,2,22,1,18,0,3,54,1,2
Vontaze Burfict,79,77,8.5,407,215,622,35,5,82,0,29,0,5,13,1,4
Lorenzo Carter,30,14,8.5,55,33,88,13,0,0,0,9,0,0,0,0,1
Kamalei Correa,54,13,8.5,52,23,75,11,0,0,0,4,0,1,0,0,2
Christian Covington,66,15,8.5,59,34,93,15,0,0,0,2,0,0,0,0,1
Tony Jefferson,98,66,8.5,345,106,451,33,4,54,1,22,0,4,0,0,8
Cory Littleton,64,37,8.5,205,110,315,20,6,82,1,26,0,4,16,0,3
C.J. Mosley,79,79,8.5,391,197,588,43,10,174,2,37,1,6,65,1,6
Joe Schobert,61,49,8.5,252,156,408,15,6,32,0,20,0,3,73,0,7
Chris Smith,60,2,8.5,46,21,67,11,0,0,0,6,0,0,0,0,3
Vonn Bell,61,45,8,252,96,348,14,1,19,0,14,0,7,38,1,7
Vernon Butler,52,9,8,41,36,77,10,0,0,0,2,0,2,0,0,3
Kwon Alexander,54,54,7.5,293,121,414,33,7,123,1,26,0,2,24,0,7
Brian Burns,16,5,7.5,19,6,25,5,0,0,0,0,0,1,56,1,1
Anthony Chickillo,65,9,7.5,59,38,97,11,0,0,0,3,0,3,0,0,3
Margus Hunt,91,25,7.5,71,34,105,23,0,0,0,7,0,1,0,0,1
Maurice Hurst,29,14,7.5,37,12,49,7,1,55,0,6,0,2,0,0,1
Quinton Jefferson,39,24,7.5,35,24,59,10,0,0,0,5,0,2,20,0,0
Zach Kerr,75,12,7.5,76,59,135,13,0,0,0,5,0,1,0,0,1
Terrell McClain,92,34,7.5,86,47,133,12,0,0,0,0,0,3,0,0,3
Alec Ogletree,93,93,7.5,473,203,676,41,12,259,4,57,0,2,0,0,12
Olsen Pierre,33,8,7.5,35,15,50,13,0,0,0,2,0,0,0,0,1
Haason Reddick,48,20,7.5,119,73,192,18,0,0,0,11,0,1,3,0,3
Roy Robertson-Harris,44,7,7.5,40,25,65,8,0,0,0,6,0,1,0,0,0
Jaylon Smith,48,38,7.5,215,129,344,15,1,0,0,15,0,3,75,1,6
Telvin Smith,76,69,7.5,446,141,587,52,9,130,3,26,0,6,57,1,5
Noah Spence,41,6,7.5,24,13,37,3,0,0,0,2,0,0,0,0,4
Anthony Zettel,49,16,7.5,51,25,76,15,0,0,0,0,0,1,0,0,1
Deone Bucannon,84,57,7,329,105,434,28,2,78,1,12,0,5,4,0,7
Brandon Copeland,60,14,7,73,34,107,14,0,0,0,4,0,0,0,0,2
Christian Jones,92,60,7,251,131,382,15,0,0,0,15,0,4,2,0,2
DaQuan Jones,83,77,7,107,79,186,14,0,0,0,4,0,2,0,1,1
Dean Lowry,63,35,7,78,53,131,15,1,7,0,9,0,3,62,1,1
Ifeadi Odenigbo,17,0,7,18,6,24,7,0,0,0,0,0,2,56,1,1
Da'Ron Payne,31,25,7,67,45,112,9,0,0,0,5,0,1,9,0,1
Isaac Rochell,35,3,7,25,20,45,9,1,4,0,2,0,0,0,0,0
Ryan Shazier,46,41,7,202,97,299,24,7,2,0,25,0,3,3,0,7
Roquan Smith,28,26,7,155,67,222,13,2,22,0,7,0,0,0,0,0
Montez Sweat,16,16,7,31,19,50,8,0,0,0,2,0,0,0,0,2
Jonathan Bostic,86,62,6.5,264,155,419,23,2,26,0,12,0,2,0,0,0
Trey Hendrickson,30,3,6.5,25,15,40,6,0,0,0,2,0,0,0,0,2
Jordan Hicks,59,56,6.5,274,130,404,23,10,172,1,25,0,7,35,0,3
B.J. Hill,32,17,6.5,47,37,84,8,0,0,0,2,0,0,0,0,0
Mike Hilton,47,14,6.5,144,42,186,22,4,46,0,25,0,3,2,0,2
Desmond King,47,20,6.5,153,36,189,14,4,165,2,17,5,4,13,0,2
Jacob Martin,30,0,6.5,14,7,21,5,0,0,0,0,0,2,0,0,3
D.J. Reader,61,52,6.5,81,73,154,16,0,0,0,1,0,0,0,0,0
Hassan Ridgeway,41,11,6.5,23,26,49,10,0,0,0,1,0,0,0,0,0
Brandon Williams,97,88,6.5,149,106,255,27,0,0,0,6,0,4,1,1,2
Mike Adams,228,149,6,708,227,935,19,30,337,2,90,1,16,5,0,13
Sheldon Day,56,2,6,38,15,53,14,0,0,0,4,0,0,0,0,0
Tanoh Kpassagnon,45,9,6,32,15,47,10,0,0,0,2,0,1,0,0,1
Nick Kwiatkoski,57,22,6,139,45,184,13,1,4,0,8,0,0,0,0,4
Kevin Minter,91,46,6,219,80,299,25,0,0,0,6,0,1,0,0,1
Nate Orchard,43,13,6,51,32,83,11,1,46,0,6,0,2,0,0,2
Jordan Poyer,95,57,6,299,127,426,19,13,68,1,28,1,6,36,0,5
Eric Reid,99,98,6,404,115,519,14,11,244,0,45,0,5,0,0,3
Malcolm Smith,104,52,6,295,100,395,29,4,96,1,17,0,3,8,1,10
Dawuane Smoot,40,0,6,29,12,41,9,0,0,0,0,0,1,0,0,0
Solomon Thomas,46,28,6,73,20,93,16,0,0,0,0,0,1,0,0,0
DeMarcus Walker,23,1,6,22,11,33,7,0,0,0,1,0,1,0,0,0
Dekoda Watson,108,7,6,122,31,153,10,1,0,0,4,0,4,7,1,4
Stephen Weatherly,49,7,6,45,22,67,13,0,0,0,1,0,0,0,0,2
Nick Williams,44,5,6,36,24,60,8,0,0,0,2,0,2,4,0,0
De'Vondre Campbell,59,54,5.5,234,129,363,18,3,2,0,16,0,1,0,0,5
Tank Carradine,46,8,5.5,56,24,80,0,0,0,0,0,0,0,0,0,1
Ha Ha Clinton-Dix,96,90,5.5,417,105,522,8,16,212,1,33,0,4,1,0,4
Neville Hewitt,66,23,5.5,138,80,218,14,3,13,0,9,1,1,0,0,0
Anthony Hitchens,90,78,5.5,325,202,527,32,1,8,0,9,0,0,0,0,4
Myles Jack,59,53,5.5,201,86,287,10,2,46,1,10,0,3,81,1,1
Brennan Scarlett,45,18,5.5,70,41,111,10,1,8,0,5,0,1,0,0,3
Damion Square,75,23,5.5,61,39,100,10,0,0,0,9,0,2,0,0,0
Vita Vea,29,24,5.5,40,23,63,8,0,0,0,3,0,0,0,0,0
Sylvester Williams,94,63,5.5,89,44,133,21,0,0,0,3,0,1,0,0,0
Al Woods,125,48,5.5,109,95,204,19,0,0,0,3,0,2,5,0,0
Genard Avery,26,5,5,33,13,46,5,0,0,0,4,0,1,5,0,1
Landon Collins,74,74,5,407,147,554,31,8,93,1,36,0,3,39,0,5
Aaron Colvin,65,30,5,174,37,211,12,0,0,0,16,0,4,41,1,1
L.J. Fort,77,11,5,85,35,120,10,1,10,0,8,0,1,0,1,0
Adam Gotsis,57,28,5,69,40,109,9,0,0,0,13,0,3,0,0,2
Rasheem Green,26,8,5,22,14,36,4,0,0,0,2,0,1,36,0,3
Lamarcus Joyner,81,52,5,277,77,354,15,4,109,1,28,0,2,0,0,2
Anthony Lanier,15,2,5,11,3,14,5,0,0,0,6,0,2,0,0,1
Kareem Martin,77,21,5,66,39,105,10,1,7,0,6,0,0,0,0,4
T.J. McDonald,75,75,5,312,103,415,26,8,66,0,25,0,3,3,0,1
T.Y. McGill,37,0,5,15,10,25,7,0,0,0,2,0,0,0,0,1
Ed Oliver,16,7,5,24,19,43,5,0,0,0,2,0,0,0,0,1
Brian Poole,61,31,5,193,62,255,15,5,41,1,24,0,4,10,0,1
Nickell Robey-Coleman,111,23,5,235,55,290,22,6,119,2,48,0,5,50,1,5
A'Shawn Robinson,58,37,5,120,52,172,16,1,2,1,16,0,3,3,0,3
Darian Stewart,143,92,5,367,96,463,21,11,99,1,46,0,7,47,0,6
Desmond Trufant,97,97,5,272,57,329,9,13,97,0,79,1,7,69,2,3
Jihad Ward,41,14,5,24,19,43,5,0,0,0,1,0,3,2,0,0
Eric Wilson,48,10,5,72,40,112,10,0,0,0,0,0,1,0,0,1
Tavon Wilson,110,43,5,275,82,357,16,8,207,1,19,0,6,12,0,1
Jahleel Addae,96,62,4.5,320,97,417,18,4,114,1,24,1,4,0,0,3
Mackensie Alexander,55,10,4.5,82,21,103,9,2,10,0,21,0,1,0,0,0
Jerome Baker,32,26,4.5,133,72,205,7,2,59,1,7,1,0,0,0,2
Jatavis Brown,56,23,4.5,187,78,265,14,0,0,0,12,0,3,0,0,3
James Burgess,27,21,4.5,106,57,163,21,1,2,0,8,1,1,-4,0,2
Josh Bynes,101,47,4.5,247,131,378,26,4,49,0,26,0,2,23,1,3
Patrick Chung,153,122,4.5,521,257,778,21,11,171,1,57,0,5,0,0,2
Tyeler Davison,77,60,4.5,75,75,150,13,0,0,0,4,0,1,0,0,3
Clelin Ferrell,15,15,4.5,24,14,38,8,0,0,0,5,0,1,0,0,0
Reggie Gilbert,29,5,4.5,42,20,62,6,0,0,0,3,0,1,0,0,0
Chris Harris,139,121,4.5,443,75,518,23,20,457,4,86,0,4,6,0,6
D.J. Hayden,86,40,4.5,267,43,310,14,4,10,0,45,0,3,27,1,4
Stacy McGee,79,29,4.5,75,43,118,6,0,0,0,1,0,2,3,0,2
Robert Nkemdiche,29,6,4.5,26,18,44,10,0,0,0,2,0,1,21,1,2
Danny Shelton,75,59,4.5,111,99,210,14,0,0,0,1,0,0,0,0,1
D.J. Swearinger,99,73,4.5,314,97,411,13,14,109,0,42,1,4,12,0,9
Dalvin Tomlinson,48,48,4.5,81,77,158,13,0,0,0,1,0,0,0,0,1
Tramon Williams,199,153,4.5,583,122,705,14,34,433,1,152,6,13,23,0,6
Kerry Wynn,65,15,4.5,90,53,143,11,1,7,0,5,0,3,0,0,2
Alex Anzalone,22,11,4,63,19,82,5,1,2,0,3,0,0,0,0,3
Tarell Basham,42,3,4,29,19,48,4,1,1,0,6,0,1,2,0,1
Bryce Callahan,45,29,4,110,13,123,11,4,85,0,20,0,0,0,0,1
Jayrone Elliott,44,0,4,53,9,62,7,1,2,0,2,1,1,0,0,1
Marcus Gilchrist,126,98,4,379,120,499,17,14,144,0,39,0,2,40,0,5
Ra'Shede Hageman,44,16,4,41,21,62,9,0,0,0,1,0,0,0,0,0
Micah Hyde,110,80,4,340,99,439,12,16,136,0,44,5,8,40,0,4
Jaleel Johnson,37,4,4,21,22,43,6,0,0,0,0,0,0,0,0,1
Darron Lee,56,38,4,177,95,272,17,3,82,1,11,0,0,0,0,2
Sean Lee,109,90,4,510,272,782,60,14,339,2,30,0,4,10,0,2
Jourdan Lewis,46,13,4,96,21,117,6,4,52,0,17,0,3,77,1,0
Frankie Luvu,27,1,4,27,7,34,6,0,0,0,1,0,0,0,0,0
Bobby McCain,71,40,4,161,47,208,9,6,59,0,25,1,0,0,0,1
Lerentee McCray,72,0,4,38,26,64,3,0,0,0,2,0,0,0,0,2
Kenny Moore,42,31,4,145,31,176,10,6,113,0,19,0,1,1,0,2
Denzel Perryman,56,45,4,225,76,301,23,3,17,0,5,0,1,0,0,2
Patrick Peterson,138,138,4,395,43,438,10,25,244,1,83,19,12,155,0,2
Elandon Roberts,60,33,4,119,87,206,15,0,0,0,6,0,1,0,0,1
Bradley Roby,89,39,4,246,28,274,10,9,170,3,68,0,4,24,1,8
Shamar Stephen,82,49,4,67,72,139,5,0,0,0,3,0,3,0,0,1
Josh Sweat,25,0,4,17,5,22,7,0,0,0,1,0,0,0,0,0
Jaquiski Tartt,59,42,4,203,68,271,15,3,85,0,13,0,2,0,0,2
Chad Thomas,20,8,4,17,9,26,6,0,0,0,1,0,1,0,0,0
K'Waun Williams,69,34,4,177,50,227,11,3,80,0,19,0,3,0,0,9
Damien Wilson,80,38,4,138,64,202,12,0,0,0,3,0,0,0,0,2
Paul Worrilow,76,52,4,264,151,415,15,2,22,0,11,0,4,0,0,3
Budda Baker,46,36,3.5,240,83,323,18,0,0,0,14,0,4,34,1,4
Andrew Billings,47,37,3.5,49,31,80,14,0,0,0,0,0,0,0,0,0
Angelo Blackson,69,22,3.5,49,28,77,7,0,0,0,5,0,1,0,0,1
Jonathan Bullard,55,11,3.5,60,24,84,13,0,0,0,4,0,0,0,0,1
Zach Cunningham,46,43,3.5,220,119,339,15,1,38,1,13,0,3,24,0,3
Tremaine Edmunds,31,31,3.5,146,90,236,15,3,19,0,21,0,0,0,0,2
Samuel Eguavoen,16,6,3.5,22,20,42,7,0,0,0,1,0,1,0,0,0
Sharif Finch,23,3,3.5,30,10,40,6,0,0,0,0,0,1,0,0,2
Charles Harris,41,8,3.5,34,27,61,10,0,0,0,2,0,1,0,0,0
Branden Jackson,39,4,3.5,31,11,42,6,0,0,0,3,0,0,0,0,0
Derwin James,21,21,3.5,98,41,139,7,3,30,0,14,0,0,0,0,0
Michael Pierce,60,30,3.5,90,61,151,13,0,0,0,2,0,4,2,0,0
Caraun Reid,47,16,3.5,35,15,50,11,0,0,0,2,0,2,88,2,1
Buster Skrine,139,89,3.5,428,79,507,15,9,104,0,82,1,4,8,0,5
Daniel Sorensen,79,21,3.5,206,59,265,14,7,111,2,20,1,4,56,0,2
Brent Urban,54,19,3.5,43,25,68,8,0,0,0,7,0,0,0,0,0
Anthony Walker,41,32,3.5,164,87,251,17,2,11,0,6,0,1,0,0,1
Kyle Wilber,117,17,3.5,97,44,141,6,0,0,0,4,0,5,1,0,3
Maurice Alexander,57,23,3,102,32,134,5,2,19,0,5,0,1,3,0,0
Kiko Alonso,86,67,3,369,219,588,30,10,138,1,17,0,7,15,0,7
Adrian Amos,76,72,3,303,55,358,17,5,129,1,26,0,3,40,0,3
Briean Boddy-Calhoun,46,23,3,122,29,151,4,3,94,1,19,1,0,0,0,2
James Bradberry,60,60,3,222,57,279,7,8,38,0,47,0,0,0,0,2
Anthony Brown,56,34,3,136,36,172,8,4,17,0,32,0,0,0,0,3
Taven Bryan,32,9,3,31,22,53,8,0,0,0,1,0,0,0,0,1
Malcolm Butler,84,68,3,258,48,306,8,13,187,2,68,0,2,2,0,5
Kevin Byard,64,55,3,229,91,320,13,17,210,0,37,0,2,6,0,0
Brandon Carr,192,192,3,607,95,702,17,21,367,2,138,0,9,67,0,1
Johnathan Cyprien,75,71,3,380,133,513,12,2,75,0,16,0,2,0,0,4
Darqueze Dennard,77,24,3,200,74,274,5,3,119,1,22,1,1,0,0,3
Davon Godchaux,47,37,3,90,73,163,11,0,0,0,2,0,0,0,0,1
Joe Haden,132,123,3,434,91,525,12,27,252,1,137,1,5,37,0,6
Da'Shawn Hand,16,10,3,26,7,33,5,0,0,0,1,0,1,0,0,2
Ronnie Harrison,28,22,3,68,35,103,5,3,80,0,12,0,1,0,0,0
Joel Heath,32,16,3,24,10,34,3,0,0,0,0,0,0,0,0,0
Josh Jones,35,12,3,101,27,128,7,1,0,0,7,0,0,0,0,0
Karl Joseph,49,41,3,174,62,236,9,4,25,0,15,0,3,0,0,1
Ufomba Kamalu,15,3,3,9,3,12,6,0,0,0,0,0,0,0,0,0
Arden Key,23,10,3,24,10,34,6,0,0,0,0,0,0,0,0,0
Dre Kirkpatrick,99,67,3,254,48,302,9,10,175,2,65,1,3,20,0,1
Josh Mauro,72,37,3,83,39,122,18,0,0,0,5,0,1,0,0,2
Albert McClellan,108,24,3,131,53,184,12,0,0,0,3,0,5,0,0,2
Devin McCourty,155,155,3,599,173,772,18,26,431,1,86,1,6,61,0,11
Steven Means,34,4,3,15,11,26,5,0,0,0,0,0,0,0,0,1
Al-Quadin Muhammad,35,8,3,37,20,57,13,0,0,0,1,0,1,0,0,1
Bilal Nichols,27,18,3,35,20,55,6,0,0,0,1,0,2,0,0,2
Derick Roberson,3,0,3,5,1,6,3,0,0,0,0,0,0,0,0,0
Grover Stewart,46,14,3,34,36,70,8,0,0,0,1,0,0,0,0,0
Destiny Vaeao,33,3,3,18,9,27,2,0,0,0,1,0,0,0,0,1
Jimmie Ward,64,44,3,207,44,251,9,2,37,1,29,0,2,43,0,2
Fred Warner,32,32,3,174,68,242,10,1,46,1,15,0,1,0,0,4
Tahir Whitehead,125,87,3,463,170,633,38,5,46,0,24,0,5,9,0,3
Shawn Williams,106,61,3,293,115,408,14,12,178,1,25,1,3,0,0,1
Xavier Williams,44,6,3,54,29,83,4,0,0,0,0,0,0,0,0,3
Jordan Willis,41,2,3,36,16,52,8,0,0,0,1,0,1,0,0,1
Billy Winn,68,23,3,68,43,111,17,2,0,0,5,0,5,41,0,2
Beau Allen,90,16,2.5,72,45,117,14,0,0,0,2,0,1,10,0,0
Dorance Armstrong,30,1,2.5,20,8,28,2,0,0,0,0,0,0,0,0,1
Vince Biegel,38,10,2.5,41,38,79,9,1,7,0,1,0,0,0,0,0
Trevon Coley,38,29,2.5,44,42,86,11,0,0,0,2,1,2,7,0,0
Sean Davis,48,41,2.5,190,57,247,11,5,103,0,20,0,1,0,0,1
Rashaan Evans,31,23,2.5,102,62,164,11,0,0,0,1,0,1,53,1,0
Jaylon Ferguson,14,9,2.5,20,11,31,6,0,0,0,1,0,1,0,0,0
Nathan Gerry,39,15,2.5,69,37,106,4,3,59,1,8,0,1,0,0,0
John Jenkins,82,29,2.5,87,68,155,8,0,0,0,3,0,1,0,0,1
Austin Johnson,58,13,2.5,46,37,83,4,0,0,0,5,0,0,0,0,0
Jonathan Jones,63,19,2.5,131,36,167,4,4,40,0,24,0,2,0,0,4
Dexter Lawrence,16,16,2.5,24,14,38,3,0,0,0,1,0,0,0,0,1
Josh Martin,51,10,2.5,59,27,86,10,0,0,0,1,0,0,0,0,1
Daniel McCullers,73,3,2.5,21,20,41,4,0,0,0,2,0,0,0,0,0
Matt Milano,44,33,2.5,149,79,228,26,4,56,0,18,0,5,40,1,2
Reggie Ragland,42,32,2.5,100,60,160,10,1,67,0,1,0,1,5,1,1
Damarious Randall,65,56,2.5,243,47,290,11,14,232,2,47,0,2,0,0,0
Dominique Rodgers-Cromartie,162,122,2.5,396,59,455,16,30,535,6,146,2,2,57,1,7
Devin White,13,13,2.5,58,33,91,4,1,5,0,3,0,4,121,2,3
Quinnen Williams,13,9,2.5,15,13,28,4,0,0,0,1,0,1,0,0,0
Chris Wormley,39,15,2.5,35,19,54,4,0,0,0,7,0,0,0,0,0
Ray-Ray Armstrong,84,12,2,116,40,156,8,3,34,0,5,0,3,0,0,3
Tre Boston,88,60,2,252,82,334,12,14,191,1,38,0,1,0,0,1
Caleb Brantley,20,1,2,13,6,19,3,0,0,0,0,0,1,4,0,0
T.J. Carrie,92,50,2,269,62,331,12,5,44,0,43,2,7,4,0,6
Justin Coleman,68,24,2,145,36,181,2,4,113,2,40,0,4,29,1,4
Kurt Coleman,146,83,2,401,153,554,16,21,238,2,36,0,2,0,0,5
Tae Davis,27,5,2,33,12,45,2,0,0,0,1,0,0,0,0,0
Todd Davis,85,63,2,299,171,470,21,1,20,1,13,0,2,1,0,1
Tre Flowers,30,30,2,120,29,149,2,3,0,0,14,0,3,0,0,4
John Franklin-Myers,16,0,2,6,4,10,0,0,0,0,0,0,1,0,0,1
Nate Hairston,38,17,2,72,17,89,4,2,21,0,9,0,0,0,0,0
Treyvon Hester,41,2,2,19,21,40,4,0,0,0,0,0,1,0,0,1
Eddie Jackson,46,46,2,147,37,184,8,10,181,3,26,0,5,143,2,4
Kareem Jackson,145,137,2,516,114,630,26,18,364,3,98,0,3,104,1,7
Leon Jacobs,26,10,2,47,16,63,4,0,0,0,1,0,1,0,0,0
Janoris Jenkins,115,110,2,409,58,467,12,23,531,7,106,4,2,2,1,6
Taron Johnson,23,9,2,73,19,92,3,1,0,0,8,0,0,0,0,2
D.J. Jones,30,15,2,38,12,50,6,0,0,0,1,0,0,0,0,1
Deion Jones,53,51,2,268,141,409,23,9,295,4,32,0,1,5,0,2
Nazair Jones,20,2,2,12,14,26,4,1,24,0,3,0,1,0,0,0
Sebastian Joseph,16,15,2,25,19,44,5,0,0,0,1,0,0,0,0,0
Tyquan Lewis,17,6,2,12,6,18,4,0,0,0,1,0,0,0,0,0
Cameron Malveaux,13,0,2,6,9,15,4,0,0,0,1,0,0,0,0,0
David Mayo,75,17,2,91,53,144,6,0,0,0,4,0,1,0,0,0
R.J. McIntosh,18,0,2,10,8,18,2,0,0,0,0,0,0,0,0,0
Rodney McLeod,113,97,2,358,111,469,12,13,109,0,41,0,8,47,1,11
Jamie Meder,44,17,2,51,44,95,7,0,0,0,1,0,0,0,0,0
Calvin Munson,16,7,2,41,26,67,5,0,0,0,0,0,0,0,0,1
Eric Murray,54,15,2,98,26,124,6,1,0,0,8,0,1,0,0,0
Efe Obada,26,0,2,20,12,32,4,1,0,0,3,0,0,0,0,0
Chris Odom,11,0,2,12,4,16,2,0,0,0,0,0,0,0,0,1
Mike Pennel,77,15,2,77,49,126,8,0,0,0,2,0,0,0,0,1
Malik Reed,15,8,2,16,11,27,4,0,0,0,1,0,1,0,0,0
Patrick Robinson,111,58,2,270,54,324,13,14,195,1,79,0,1,0,0,2
Daniel Ross,16,0,2,10,9,19,5,0,0,0,0,1,2,6,0,1
Andrew Sendejo,110,61,2,294,122,416,8,9,134,0,21,1,3,33,0,1
Tim Settle,31,1,2,15,7,22,3,0,0,0,0,0,0,0,0,0
Nathan Shepherd,25,5,2,11,15,26,6,0,0,0,0,0,0,0,0,0
Richard Sherman,134,128,2,358,108,466,11,35,460,3,114,2,6,14,0,5
Jeffery Simmons,9,7,2,18,14,32,4,0,0,0,1,0,0,0,0,0
Justin Simmons,58,48,2,211,78,289,8,11,186,1,28,1,0,0,0,0
Jimmy Smith,107,83,2,286,43,329,5,14,172,2,70,1,1,47,1,3
Nathan Stupar,82,11,2,110,28,138,2,1,0,0,4,0,3,84,1,2
Jahlani Tavai,15,6,2,37,21,58,5,1,2,0,2,0,0,0,0,1
Adarius Taylor,75,16,2,83,38,121,4,1,7,0,6,0,1,0,1,3
Vincent Taylor,24,0,2,32,19,51,5,0,0,0,2,0,0,0,0,0
Earl Thomas,140,140,2,497,216,713,13,30,455,2,71,1,6,40,1,12
Michael Thomas,88,33,2,217,80,297,11,3,26,0,15,0,1,27,0,3
Nick Vigil,54,37,2,182,113,295,12,2,34,0,14,0,3,13,0,1
Carlos Watkins,26,7,2,21,26,47,5,0,0,0,2,0,1,0,0,0
Christian Wilkins,16,14,2,30,26,56,3,0,0,0,2,1,1,0,0,0
P.J. Williams,47,23,2,117,34,151,6,4,52,1,24,0,0,0,0,2
Daryl Worley,56,49,2,194,49,243,10,5,38,0,34,0,1,6,0,0
Tavon Young,31,17,2,79,11,90,7,3,22,0,13,0,4,74,2,0
Montravius Adams,37,3,1.5,16,17,33,2,0,0,0,3,0,1,0,0,1
Eli Ankou,20,2,1.5,15,11,26,2,0,0,0,0,0,0,0,0,0
Austin Calitro,29,9,1.5,62,23,85,7,0,0,0,2,0,0,0,0,0
Jordan Evans,45,9,1.5,73,38,111,4,1,7,0,6,0,0,0,0,0
Daeshon Hall,13,0,1.5,6,3,9,1,0,0,0,0,0,0,0,0,0
P.J. Hall,30,18,1.5,34,14,48,8,0,0,0,2,0,0,0,0,0
Josey Jewell,31,12,1.5,59,37,96,5,0,0,0,3,0,2,0,0,0
Alexander Johnson,16,12,1.5,51,42,93,5,1,0,0,3,0,1,0,0,2
Tyler Lancaster,28,15,1.5,36,20,56,3,0,0,0,0,0,1,0,0,1
Isaiah Mack,13,1,1.5,4,4,8,1,0,0,0,0,0,1,0,0,0
Avonte Maddox,25,15,1.5,66,16,82,3,2,31,0,14,0,0,0,0,2
Rakeem Nunez-Roches,53,16,1.5,38,24,62,6,0,0,0,0,0,1,0,0,0
Ogbonnia Okoronkwo,10,0,1.5,3,4,7,1,0,0,0,0,0,0,0,0,0
Breeland Speaks,16,4,1.5,15,9,24,3,0,0,0,0,0,2,0,0,1
Manti Te'o,62,49,1.5,212,95,307,22,2,11,0,13,0,1,0,0,1
Joe Thomas,67,10,1.5,112,45,157,9,1,9,0,8,1,1,6,0,2
Darian Thompson,43,21,1.5,90,37,127,5,1,0,0,9,0,1,0,0,0
Antwaun Woods,26,25,1.5,28,32,60,3,0,0,0,1,0,2,3,0,0
Ricardo Allen,65,64,1,227,88,315,5,9,77,0,21,0,1,0,0,0
Abdullah Anderson,6,0,1,3,1,4,1,0,0,0,0,0,0,0,0,0
Stephone Anthony,62,20,1,97,55,152,9,1,5,0,5,0,1,31,1,2
Kendell Beckwith,16,11,1,60,13,73,7,0,0,0,2,0,0,0,0,1
Nick Bellore,135,17,1,137,52,189,4,1,4,0,5,1,5,0,0,1
A.J. Bouye,93,62,1,266,49,315,4,14,233,1,66,0,1,0,0,1
Bashaud Breeland,83,78,1,268,70,338,11,12,236,2,72,0,5,113,1,7
Kentrell Brice,36,14,1,82,18,100,1,1,11,0,6,0,1,0,0,0
Preston Brown,81,77,1,350,259,609,21,5,66,1,14,0,5,30,0,3
Juston Burris,52,11,1,60,11,71,3,4,90,0,14,0,1,0,0,2
Deon Bush,54,8,1,37,7,44,1,0,0,0,3,0,0,0,0,1
Devin Bush,16,15,1,72,37,109,9,2,6,0,4,0,4,20,1,1
Chuck Clark,47,14,1,73,34,107,2,2,17,0,12,0,0,0,0,2
Dylan Cole,31,1,1,42,19,61,5,2,28,1,7,0,1,27,0,0
William Compton,78,39,1,201,138,339,6,3,31,0,12,0,3,0,0,2
Ryan Connelly,4,3,1,10,10,20,2,2,18,0,2,0,0,0,0,0
Justin Currie,3,0,1,6,1,7,2,0,0,0,0,0,0,0,0,0
Quandre Diggs,70,45,1,207,49,256,12,9,168,2,27,0,2,0,0,4
Quinton Dunbar,58,25,1,130,20,150,3,9,27,0,35,1,1,0,0,0
Brandon Dunn,63,24,1,50,38,88,8,0,0,0,1,0,1,0,0,1
Terrell Edmunds,32,31,1,126,57,183,3,1,35,0,7,0,1,0,0,0
Mike Edwards,15,7,1,33,12,45,3,0,0,0,6,0,2,-1,0,0
Duke Ejiofor,12,0,1,6,3,9,1,0,0,0,2,0,1,0,0,0
Antone Exum,50,10,1,54,11,65,3,1,32,1,7,0,3,0,0,2
Folorunso Fatukasi,15,0,1,14,13,27,7,0,0,0,1,0,0,0,0,0
Kendall Fuller,55,31,1,173,55,228,8,6,4,0,26,0,0,0,0,2
Stephon Gilmore,113,111,1,329,45,374,6,24,437,2,111,0,3,0,0,5
Carl Granderson,8,0,1,8,3,11,2,0,0,0,0,0,0,0,0,0
Raven Greene,10,1,1,10,2,12,1,0,0,0,2,0,0,0,0,1
Dre Greenlaw,16,11,1,64,28,92,3,1,47,0,2,0,0,0,0,0
Shaquill Griffin,45,41,1,150,36,186,7,3,8,0,36,0,0,0,0,0
Kamu Grugier-Hill,54,16,1,76,22,98,11,1,24,0,2,0,1,29,0,2
Porter Gustin,6,0,1,7,6,13,1,0,0,0,0,0,1,0,0,0
Grant Haley,25,12,1,65,11,76,7,0,0,0,2,0,0,0,0,0
Will Harris,16,6,1,30,13,43,1,0,0,0,3,0,0,0,0,0
Troy Hill,57,23,1,117,24,141,3,4,13,0,19,0,1,0,0,0
Cole Holcomb,16,15,1,74,31,105,6,0,0,0,1,0,0,0,0,3
Jalyn Holmes,11,0,1,5,2,7,2,0,0,0,0,0,0,0,0,0
Xavien Howard,40,39,1,108,32,140,5,12,123,1,35,0,1,0,0,1
Kemal Ishmael,95,23,1,183,107,290,6,5,121,1,13,0,3,18,0,2
Donte Jackson,29,26,1,95,19,114,5,7,25,0,17,0,2,-1,0,1
William Jackson,45,34,1,81,24,105,4,2,94,1,30,1,0,0,0,0
Darryl Johnson,16,0,1,10,5,15,2,0,0,0,0,0,0,0,0,0
Kevin Johnson,51,19,1,131,33,164,6,1,22,0,19,0,1,53,0,0
Colin Jones,137,14,1,93,40,133,5,3,15,0,7,0,3,0,1,1
Kevin King,30,25,1,92,19,111,5,6,54,0,22,1,1,0,0,1
Chris Landrum,17,0,1,5,5,10,1,0,0,0,0,0,0,0,0,0
Nevin Lawson,73,59,1,192,37,229,5,0,0,0,30,0,1,44,1,1
Cre'von LeBlanc,43,15,1,83,13,96,2,2,24,1,16,0,0,0,0,1
Elijah Lee,38,6,1,60,16,76,4,0,0,0,2,0,1,0,0,2
Jason McCourty,150,126,1,558,123,681,18,18,174,1,103,0,5,139,2,9
Cassanova McKinzy,6,0,1,2,0,2,1,0,0,0,0,0,0,0,0,0
Terrance Mitchell,53,22,1,126,18,144,2,7,26,0,36,0,1,0,0,3
Nicholas Morrow,48,18,1,123,53,176,12,1,11,0,11,0,0,0,0,1
Sean Murphy-Bunting,16,10,1,37,7,44,1,3,88,1,8,0,0,0,0,1
Nik Needham,12,11,1,41,13,54,1,2,23,0,11,0,0,0,0,1
Corey Nelson,61,8,1,77,39,116,3,0,0,0,6,0,1,0,0,0
Derrick Nnadi,32,27,1,35,48,83,3,1,0,0,1,0,0,0,0,1
Josh Norman,111,91,1,311,105,416,8,14,291,2,79,1,5,12,0,12
Bobby Okereke,16,8,1,48,17,65,2,0,0,0,2,1,1,0,0,2
Will Parks,62,15,1,104,45,149,4,4,23,0,13,0,1,0,0,2
Donald Payne,30,5,1,47,29,76,3,0,0,0,1,0,2,0,0,0
Jabrill Peppers,40,40,1,148,65,213,11,3,32,1,13,7,4,32,0,3
Mike Purcell,38,15,1,57,33,90,10,0,0,0,0,0,0,0,0,1
Patrick Ricard,42,9,1,13,5,18,4,0,0,0,1,0,0,0,0,1
Derek Rivers,6,0,1,2,0,2,1,0,0,0,0,0,0,0,0,0
Jake Ryan,45,27,1,144,69,213,15,0,0,0,3,0,2,0,0,1
Khalen Saunders,12,4,1,13,9,22,0,0,0,0,1,0,0,0,0,0
Coty Sensabaugh,107,45,1,220,52,272,6,3,74,1,32,0,3,0,0,2
Zach Sieler,9,1,1,6,6,12,1,0,0,0,2,0,0,0,0,0
Darius Slay,103,94,1,296,51,347,5,19,265,1,104,0,2,38,0,1
Taylor Stallworth,18,0,1,11,5,16,1,0,0,0,0,0,1,0,0,0
Julian Stanford,88,11,1,71,22,93,4,0,0,0,1,0,2,0,0,1
Aqib Talib,148,134,1,385,77,462,12,35,752,10,125,0,4,42,0,5
Charles Tapper,2,0,1,2,1,3,1,0,0,0,0,0,0,0,0,0
Roderic Teamer,7,6,1,30,10,40,1,1,3,0,2,0,0,0,0,0
Robert Thomas,26,0,1,8,14,22,3,0,0,0,0,0,0,0,0,0
Vincent Valentine,16,2,1,11,9,20,2,0,0,0,0,0,0,0,0,0
Jeremiah Valoaga,13,0,1,7,0,7,2,0,0,0,1,0,0,0,0,0
Andrew Van Ginkel,6,1,1,11,4,15,4,0,0,0,0,0,1,0,0,0
Trae Waynes,74,53,1,215,32,247,9,7,49,0,42,0,1,20,0,2
B.W. Webb,80,35,1,142,22,164,4,4,8,0,27,0,0,0,0,1
Tre'Davious White,47,47,1,145,36,181,8,12,180,0,43,0,2,52,1,3
Jermaine Whitehead,34,10,1,58,18,76,4,1,0,0,5,0,0,0,0,1
Marcus Williams,46,46,1,148,39,187,1,10,168,1,23,0,1,0,0,2
Mack Wilson,16,14,1,57,25,82,4,1,21,0,7,0,0,0,0,1
Andrew Wingard,16,2,1,22,8,30,0,0,0,0,0,0,0,0,0,1
Jonathan Woodard,6,0,1,8,2,10,2,0,0,0,0,0,0,0,0,0
Eddie Yarbrough,31,6,1,44,19,63,8,0,0,0,2,0,0,0,0,0
Jaire Alexander,29,27,0.5,111,13,124,5,3,64,0,28,2,3,0,0,1
Michael Bennett Jr.,16,0,0.5,12,4,16,2,0,0,0,1,0,0,0,0,0
Shilique Calhoun,41,1,0.5,24,14,38,3,0,0,0,1,0,0,0,0,1
Jermaine Carter,32,6,0.5,29,15,44,3,0,0,0,0,0,0,0,0,0
Blake Cashman,7,5,0.5,27,13,40,3,0,0,0,1,0,1,0,0,0
John Cominsky,10,0,0.5,3,8,11,0,0,0,0,2,0,0,0,0,0
Bryan Cox,25,2,0.5,18,12,30,5,0,0,0,0,0,1,15,0,0
Carl Davis,36,12,0.5,17,15,32,2,0,0,0,3,0,0,0,0,0
Javien Elliott,52,10,0.5,59,18,77,5,2,50,0,4,0,0,0,0,0
Justin Ellis,70,42,0.5,82,43,125,6,0,0,0,2,0,0,0,0,0
Poona Ford,26,15,0.5,34,19,53,8,0,0,0,1,0,1,0,0,0
B.J. Goodson,52,29,0.5,109,51,160,7,2,8,0,6,0,1,7,0,2
Bruce Hector,11,1,0.5,0,2,2,0,0,0,0,0,0,0,0,0,0
Rayshawn Jenkins,46,17,0.5,57,33,90,3,3,10,0,5,0,0,0,0,0
Justin Jones,27,12,0.5,25,22,47,2,0,0,0,1,0,0,0,0,1
Bronson Kaufusi,9,2,0.5,4,4,8,0,0,0,0,1,0,0,0,0,0
Jeremiah Ledbetter,17,0,0.5,7,8,15,0,0,0,0,0,0,0,0,0,0
Jonathan Ledbetter,1,1,0.5,1,3,4,0,0,0,0,0,0,0,0,0,0
Marcus Maye,38,38,0.5,137,41,178,1,4,148,0,11,0,0,0,0,2
Bradley McDougald,98,75,0.5,355,96,451,13,10,72,0,40,0,3,6,0,4
Harrison Phillips,19,0,0.5,21,17,38,4,0,0,0,2,0,1,0,0,0
Tuzar Skipper,6,0,0.5,1,2,3,0,0,0,0,0,0,1,0,0,0
Jamar Taylor,90,41,0.5,196,46,242,6,3,43,0,31,0,1,31,0,2
Leighton Vander Esch,25,20,0.5,145,67,212,3,2,56,0,10,0,0,0,0,1
Johnathan Abram,1,1,0,1,4,5,0,0,0,0,1,0,0,0,0,0
Andrew Adams,57,32,0,135,29,164,5,6,74,0,19,0,0,0,0,2
Matthew Adams,32,9,0,31,12,43,6,0,0,0,0,0,1,0,0,0
Tyrell Adams,21,2,0,19,15,34,0,0,0,0,0,0,0,0,0,1
Nasir Adderley,4,0,0,2,0,2,0,0,0,0,0,0,0,0,0,0
Olasunkanmi Adeniyi,17,0,0,5,4,9,0,0,0,0,0,0,0,0,0,2
Freedom Akinmoladun,2,0,0,0,0,0,0,0,0,0,0,0,0,0,0,0
Azeez Al-Shaair,15,4,0,11,7,18,0,0,0,0,0,0,0,0,0,0
Robert Alford,88,76,0,250,53,303,4,10,131,2,85,1,2,-5,0,1
Chase Allen,21,5,0,29,14,43,1,0,0,0,0,0,0,0,0,1
Dakota Allen,5,0,0,1,0,1,0,0,0,0,0,0,0,0,0,0
Marcus Allen,3,0,0,1,1,2,0,0,0,0,0,0,0,0,0,0
Ugochukwu Amadi,16,0,0,13,4,17,0,0,0,0,0,0,1,0,0,0
Prince Amukamara,113,99,0,417,60,477,11,10,126,1,78,0,4,0,0,6
Jonathan Anderson,31,3,0,43,10,53,1,1,0,0,2,0,0,0,0,0
Troy Apke,17,2,0,19,8,27,2,1,33,0,2,0,0,0,0,0
Eli Apple,55,48,0,197,36,233,4,3,29,0,33,0,6,2,0,3
John Atkins,14,6,0,14,8,22,1,0,0,0,0,0,0,0,0,0
Blessuan Austin,7,6,0,19,6,25,0,0,0,0,4,0,0,0,0,1
Chidobe Awuzie,41,36,0,119,56,175,1,3,0,0,32,0,1,0,0,2
Johnson Bademosi,120,6,0,107,34,141,3,1,3,0,9,0,2,0,0,0
Deandre Baker,16,15,0,48,13,61,2,0,0,0,8,0,0,0,0,0
Chris Banjo,89,2,0,64,13,77,0,3,0,0,7,0,1,0,0,1
Alex Barrett,2,0,0,0,1,1,0,0,0,0,0,0,0,0,0,0
Cody Barton,16,2,0,9,14,23,0,0,0,0,1,0,1,0,0,0
Daren Bates,105,0,0,49,16,65,0,0,0,0,1,0,3,11,1,1
Jessie Bates,32,32,0,144,67,211,0,6,75,1,16,0,1,0,0,1
De'Vante Bausby,15,3,0,32,7,39,0,0,0,0,3,0,0,0,0,0
Ryan Bee,1,0,0,0,1,1,0,0,0,0,0,0,0,0,0,0
B.J. Bello,27,0,0,9,4,13,0,0,0,0,0,0,0,0,0,0
Justin Bethel,126,14,0,181,30,211,4,4,169,3,19,0,9,-3,0,4
Marquise Blair,14,3,0,24,8,32,0,0,0,0,1,0,0,0,0,2
Chris Board,31,0,0,14,8,22,1,0,0,0,0,0,0,0,0,1
Devante Bond,32,6,0,31,8,39,1,0,0,0,0,0,0,0,0,0
Tramaine Brock,117,56,0,228,34,262,12,11,165,1,55,0,0,0,0,1
Nate Brooks,3,2,0,10,1,11,0,0,0,0,2,0,0,0,0,0
Alex Brown,3,0,0,2,0,2,0,0,0,0,0,0,0,0,0,0
Andrew Brown,14,1,0,10,4,14,0,0,0,0,0,0,0,0,0,0
Fadol Brown,16,0,0,16,4,20,1,0,0,0,1,0,0,0,0,0
Kyron Brown,3,1,0,5,0,5,0,0,0,0,0,0,0,0,0,0
Miles Brown,9,0,0,2,2,4,1,0,0,0,0,0,0,0,0,0
Artie Burns,58,32,0,121,28,149,5,4,13,0,27,0,2,0,0,1
Ben Burr-Kirven,16,0,0,3,5,8,0,0,0,0,0,0,0,0,0,1
Taveze Calhoun,1,0,0,0,0,0,,0,0,0,0,0,0,0,0,0
Ibraheim Campbell,53,15,0,85,30,115,2,0,0,0,1,0,1,0,0,2
Josh Carraway,1,0,0,0,0,0,,0,0,0,0,0,0,0,0,0
Jamal Carter,27,0,0,14,7,21,0,0,0,0,2,0,0,0,0,0
Morris Claiborne,85,74,0,213,52,265,6,7,64,1,49,0,4,50,1,1
Ross Cockrell,68,43,0,167,52,219,8,7,133,0,44,0,2,0,0,1
Adrian Colbert,27,17,0,65,15,80,0,0,0,0,8,0,1,0,0,2
Jalen Collins,24,8,0,45,3,48,2,2,37,0,10,0,0,0,0,0
Jon Condo,181,0,0,38,12,50,0,0,0,0,0,1,4,3,0,1
Gareon Conley,31,26,0,65,29,94,0,4,67,1,29,0,0,0,0,0
Chris Covington,8,0,0,3,0,3,0,0,0,0,0,0,0,0,0,0
Rashaad Coward,14,10,0,0,0,0,0,0,0,0,0,0,0,0,0,0
James Crawford,19,0,0,8,2,10,0,0,0,0,0,0,1,0,0,0
Ken Crawley,43,25,0,121,13,134,4,1,0,0,31,0,1,0,0,1
Kahzin Daniels,2,0,0,0,0,0,0,0,0,0,0,0,0,0,0,0
Ronald Darby,57,56,0,224,27,251,6,8,135,0,65,0,0,0,0,0
Carlton Davis,27,26,0,90,10,100,4,1,0,0,23,0,2,6,0,2
Cody Davis,97,5,0,56,27,83,2,2,29,0,8,1,2,1,0,0
Jamal Davis,3,0,0,0,0,0,0,0,0,0,0,0,0,0,0,0
Michael Davis,43,21,0,85,22,107,0,2,15,0,18,0,0,0,0,1
Noah Dawkins,10,0,0,0,0,0,0,0,0,0,0,0,0,0,0,0
Jamel Dean,13,5,0,16,5,21,1,2,31,0,17,1,0,0,0,0
Donte Deayon,11,0,0,16,3,19,1,0,0,0,3,0,1,0,0,0
Zak DeOssie,199,0,0,71,16,87,0,0,0,0,0,3,1,-60,0,1
Pierre Desir,61,36,0,161,49,210,3,5,1,0,34,0,1,0,0,2
Matt Dickerson,8,0,0,3,2,5,1,0,0,0,0,0,0,0,0,0
Rasul Douglas,46,18,0,95,23,118,9,5,21,0,25,0,0,0,0,0
Devante Downs,20,0,0,2,2,4,0,0,0,0,0,0,0,0,0,0
Nick Dzubnar,65,0,0,39,21,60,0,0,0,0,0,0,0,0,0,0
Nate Ebner,111,0,0,61,34,95,0,0,0,0,0,1,3,0,0,1
T.J. Edwards,16,4,0,15,15,30,0,0,0,0,0,0,0,0,0,0
Emeke Egbule,15,0,0,4,0,4,0,0,0,0,0,0,0,0,0,0
Emmanuel Ellerbee,7,0,0,0,0,0,0,0,0,0,0,0,0,0,0,0
Kaden Elliss,3,0,0,0,1,1,0,0,0,0,0,0,0,0,0,0
Marcus Epps,15,0,0,5,1,6,0,0,0,0,0,0,0,0,0,0
Justin Evans,24,19,0,93,32,125,3,4,28,0,8,0,1,68,1,0
Deshazor Everett,64,11,0,91,38,129,2,2,24,0,7,0,0,0,0,1
Matthias Farley,50,16,0,84,50,134,4,3,16,0,11,0,1,0,0,2
Clayton Fejedelem,64,6,0,77,40,117,1,1,5,0,2,1,2,72,1,1
Kylie Fitts,9,0,0,2,2,4,0,0,0,0,0,0,0,0,0,0
Minkah Fitzpatrick,32,27,0,95,54,149,3,7,194,2,18,0,3,79,1,2
Rudy Ford,33,1,0,15,5,20,0,0,0,0,0,0,0,0,0,0
Reuben Foster,16,16,0,84,17,101,10,0,0,0,2,0,0,0,0,0
John Franklin,1,0,0,0,0,0,0,0,0,0,0,0,0,0,0,0
Zaire Franklin,32,2,0,18,17,35,0,0,0,0,1,0,0,0,0,0
Kyle Fuller,80,78,0,276,49,325,6,18,194,0,74,0,0,0,0,3
E.J. Gaines,43,38,0,169,29,198,4,4,1,0,33,0,2,0,0,4
Phillip Gaines,58,24,0,133,19,152,9,1,0,0,18,0,0,0,0,2
Dennis Gardeck,30,0,0,14,4,18,0,0,0,0,0,0,1,0,0,0
Chauncey Gardner-Johnson,16,7,0,38,11,49,6,1,28,0,8,0,1,37,0,1
Clayton Geathers,56,34,0,183,61,244,4,1,0,0,10,0,1,29,0,2
Ben Gedeon,39,22,0,60,43,103,0,0,0,0,2,0,0,0,0,0
Jake Gervase,2,0,0,0,0,0,0,0,0,0,0,0,0,0,0,0
Luke Gifford,6,0,0,3,3,6,0,0,0,0,0,0,0,0,0,0
Ulysees Gilbert,7,0,0,3,2,5,0,0,0,0,0,0,0,0,0,0
Joe Giles-Harris,5,0,0,2,1,3,0,0,0,0,0,0,0,0,0,0
Tashaun Gipson,112,104,0,327,123,450,13,23,550,3,47,1,1,0,0,1
Kevin Givens,1,0,0,1,0,1,0,0,0,0,0,0,0,0,0,0
Ryan Glasgow,24,3,0,19,22,41,4,0,0,0,0,0,1,0,0,0
Ahmad Gooden,3,0,0,1,0,1,0,0,0,0,0,0,0,0,0,0
Jermaine Grace,24,0,0,5,4,9,1,0,0,0,0,0,0,0,0,0
J.T. Gray,21,0,0,14,5,19,0,0,0,0,0,0,1,0,0,0
T.J. Green,33,11,0,65,25,90,5,0,0,0,3,0,0,0,0,0
Saquan Hampton,5,0,0,1,0,1,1,0,0,0,0,0,0,0,0,0
Vernon Hargreaves,41,35,0,163,23,186,5,2,15,1,21,0,1,2,0,2
Duron Harmon,111,29,0,137,38,175,2,17,193,0,28,0,3,3,0,1
Anthony Harris,65,31,0,127,53,180,1,9,75,1,21,0,4,0,0,1
Davontae Harris,19,6,0,31,5,36,0,0,0,0,3,0,0,0,0,0
Demone Harris,7,0,0,4,0,4,2,0,0,0,0,0,0,0,0,0
Erik Harris,51,18,0,105,24,129,3,5,167,2,15,0,0,0,0,0
Jonathan Harris,5,0,0,4,4,8,0,0,0,0,0,0,0,0,0,0
Marcell Harris,21,9,0,47,27,74,4,0,0,0,5,0,1,3,0,3
Montre Hartage,4,0,0,6,2,8,0,0,0,0,1,0,0,0,0,0
Willie Harvey,2,0,0,0,1,1,0,0,0,0,0,0,0,0,0,0
J.T. Hassell,4,0,0,5,2,7,0,0,0,0,0,0,0,0,0,0
Tae Hayes,3,0,0,4,3,7,0,0,0,0,2,0,1,0,0,0
Casey Hayward,115,82,0,287,57,344,10,22,340,2,92,0,4,60,1,2
Jeff Heath,106,54,0,267,79,346,12,8,107,0,24,0,1,50,1,5
Trayvon Henderson,4,0,0,0,1,1,0,0,0,0,0,0,0,0,0,0
Tre Herndon,27,14,0,52,16,68,1,3,0,0,13,0,0,0,0,0
Alijah Holder,2,0,0,0,0,0,0,0,0,0,0,0,0,0,0,0
Amani Hooker,16,0,0,15,5,20,0,0,0,0,0,0,0,0,0,0
Malik Hooker,34,33,0,76,41,117,1,7,146,0,11,0,2,3,0,0
Albert Huggins,4,0,0,0,3,3,0,0,0,0,0,0,0,0,0,0
Mike Hull,43,5,0,53,25,78,1,1,8,0,1,0,1,0,0,0
Marlon Humphrey,46,28,0,114,22,136,8,7,47,0,40,0,3,91,2,3
Carlos Hyde,80,57,0,0,0,0,0,0,0,0,0,15,5,-6,0,0
Joey Ivie,8,0,0,0,2,2,0,0,0,0,0,0,0,0,0,0
Joel Iyiegbuniwe,31,0,0,12,1,13,1,0,0,0,0,0,0,0,0,0
Adoree' Jackson,43,39,0,167,21,188,6,2,7,0,33,5,2,0,0,3
J.C. Jackson,29,11,0,51,9,60,1,8,48,0,16,0,0,0,0,0
Josh Jackson,30,10,0,50,10,60,1,0,0,0,10,1,1,0,0,0
Dontae Johnson,73,22,0,138,23,161,4,2,70,2,21,0,2,0,0,0
Isaiah Johnson,12,0,0,4,5,9,0,0,0,0,0,0,0,0,0,0
John Johnson,38,32,0,162,83,245,6,7,115,0,24,0,0,0,0,1
Lonnie Johnson,14,7,0,34,7,41,0,0,0,0,7,0,0,0,0,0
Tre'von Johnson,4,0,0,2,1,3,0,0,0,0,0,0,0,0,0,0
Trumaine Johnson,102,77,0,339,53,392,11,23,325,4,74,1,4,25,0,3
Byron Jones,79,73,0,270,79,349,11,2,28,1,43,0,0,0,0,3
Johnathan Joseph,200,186,0,642,113,755,16,31,638,7,194,0,6,145,1,7
Peter Kalambayi,31,0,0,17,14,31,0,0,0,0,0,0,0,0,0,0
Damontae Kazee,48,30,0,120,59,179,3,10,107,0,13,0,0,0,0,4
Kameron Kelly,14,1,0,17,4,21,0,1,10,0,1,0,0,0,0,0
Darius Kilgo,29,0,0,11,5,16,0,0,0,0,1,0,0,0,0,0
Akeem King,34,4,0,28,11,39,0,0,0,0,3,0,0,0,0,0
Brandon King,57,0,0,30,12,42,0,0,0,0,0,0,0,0,0,1
Jordan Kunaszyk,9,0,0,3,4,7,0,0,0,0,0,0,0,0,0,0
Deon Lacey,48,0,0,16,5,21,0,0,0,0,0,0,0,0,0,0
Chris Lammons,12,0,0,8,5,13,0,1,0,0,3,0,0,0,0,0
Austin Larkin,2,0,0,1,0,1,0,0,0,0,0,0,0,0,0,0
Marshon Lattimore,43,43,0,138,30,168,3,8,85,1,44,0,4,91,0,5
Justin Lawler,16,0,0,4,2,6,1,0,0,0,0,0,0,0,0,0
Dallin Leavitt,17,0,0,6,5,11,0,0,0,0,0,0,0,0,0,0
Marquel Lee,34,19,0,65,39,104,6,0,0,0,3,0,0,0,0,0
Ryan Lewis,20,6,0,32,11,43,1,1,3,0,8,0,0,0,0,2
Kapron Lewis-Moore,5,0,0,3,0,3,0,0,0,0,0,0,0,0,0,0
Mitchell Loewen,4,0,0,2,0,2,0,0,0,0,0,0,0,0,0,0
David Long,14,0,0,9,6,15,2,0,0,0,1,0,0,0,0,1
Travis Long,0,,0,0,0,0,,0,0,0,0,0,0,0,0,0
Steve Longa,26,0,0,19,9,28,0,0,0,0,0,0,0,0,0,0
James Looney,3,0,0,0,0,0,0,0,0,0,0,0,0,0,0,0
Julian Love,15,5,0,30,7,37,5,1,30,0,3,0,0,0,0,1
Mike Love,3,0,0,0,5,5,0,0,0,0,0,0,0,0,0,0
Justin March-Lillard,47,5,0,28,13,41,1,0,0,0,3,0,0,0,0,0
Dean Marlowe,16,3,0,14,2,16,0,0,0,0,2,0,0,0,0,0
Trey Marshall,18,2,0,19,6,25,0,0,0,0,0,0,2,12,0,1
Hercules Mata'afa,6,0,0,1,0,1,1,0,0,0,1,0,1,0,0,0
Arthur Maulet,24,7,0,33,15,48,5,1,13,0,2,0,1,0,1,0
Rob McCray,1,0,0,1,0,1,0,0,0,0,0,0,0,0,0,0
Raekwon McMillan,29,28,0,104,73,177,8,0,0,0,2,0,1,0,0,2
Nate Meadors,2,0,0,2,0,2,0,0,0,0,0,0,0,0,0,0
Rashaan Melvin,64,40,0,211,33,244,4,4,43,0,41,0,1,0,0,3
Doug Middleton,14,4,0,28,7,35,0,0,0,0,4,0,0,0,0,0
Rolan Milligan,11,1,0,11,4,15,0,0,0,0,0,0,0,0,0,0
Jalen Mills,48,34,0,168,41,209,2,4,53,1,37,0,0,0,0,0
Bryan Mone,4,0,0,0,4,4,0,0,0,0,0,0,0,0,0,0
A.J. Moore,32,0,0,16,9,25,1,0,0,0,0,0,1,0,0,0
C.J. Moore,16,0,0,5,2,7,0,0,0,0,0,0,0,0,0,0
Tarvarius Moore,32,5,0,36,12,48,0,0,0,0,5,0,0,0,0,1
Fabian Moreau,44,17,0,77,39,116,1,4,32,0,11,0,0,0,0,3
Jimmy Moreland,14,5,0,32,10,42,1,0,0,0,4,0,0,0,0,0
Emmanuel Moseley,17,9,0,43,8,51,2,1,3,0,8,0,0,0,0,0
Avery Moss,22,10,0,22,18,40,0,0,0,0,2,0,0,0,0,2
Trayvon Mullen,16,10,0,42,8,50,0,1,0,0,10,0,0,0,0,0
Byron Murphy,16,16,0,66,12,78,3,1,0,0,10,0,0,0,0,0
Keanu Neal,34,34,0,167,71,238,6,1,19,0,14,0,3,0,0,8
Ryan Neal,4,0,0,1,0,1,0,0,0,0,0,0,0,0,0,0
Sharrod Neasman,41,0,0,37,16,53,2,0,0,0,4,1,1,-6,0,0
Steven Nelson,67,53,0,210,33,243,8,5,86,0,43,0,3,0,0,1
Montae Nicholson,35,26,0,92,34,126,0,3,23,0,7,0,2,0,0,0
Hardy Nickerson,37,9,0,55,26,81,1,0,0,0,2,0,0,0,0,1
Dadi Nicolas,11,0,0,0,0,0,0,0,0,0,1,0,0,0,0,0
Pat O'Connor,11,0,0,4,2,6,0,0,0,0,0,0,0,0,0,0
George Odum,32,3,0,52,22,74,1,1,14,0,2,0,1,0,0,2
Isaiah Oliver,30,18,0,70,15,85,0,1,0,0,18,0,0,0,0,1
Foyesade Oluokun,32,10,0,92,61,153,4,0,0,0,1,0,0,0,0,2
Kareem Orr,2,0,0,8,1,9,0,0,0,0,0,0,0,0,0,0
Jonathan Owens,1,0,0,0,0,0,0,0,0,0,0,0,0,0,0,0
Steven Parker,14,4,0,15,5,20,0,2,35,0,3,0,0,0,0,0
Natrez Patrick,12,0,0,2,0,2,0,0,0,0,0,0,0,0,0,0
Chris Peace,5,0,0,0,0,0,0,0,0,0,0,0,0,0,0,0
Kyle Peko,13,0,0,7,6,13,0,0,0,0,0,0,0,0,0,0
Marcus Peters,77,76,0,203,44,247,5,27,797,6,77,0,6,76,1,5
Adrian Phillips,64,24,0,175,76,251,9,5,74,0,18,0,0,0,0,2
Justin Phillips,4,0,0,4,3,7,0,0,0,0,0,0,0,0,0,0
Anthony Pittman,1,0,0,0,1,1,0,0,0,0,0,0,0,0,0,0
Jamiyus Pittman,3,0,0,0,2,2,0,0,0,0,0,0,0,0,0,0
Quentin Poling,1,0,0,0,0,0,0,0,0,0,0,0,0,0,0,0
Germaine Pratt,16,9,0,50,26,76,4,0,0,0,0,0,0,0,0,0
Brian Price,22,1,0,11,9,20,1,0,0,0,1,0,0,0,0,0
Jalen Ramsey,60,59,0,213,30,243,6,10,112,1,49,0,0,0,0,3
Taylor Rapp,15,10,0,62,38,100,3,2,54,1,8,0,1,0,0,0
Sheldrick Redwine,12,5,0,28,14,42,0,0,0,0,2,0,0,0,0,0
Troy Reeder,16,8,0,36,22,58,0,0,0,0,0,0,0,0,0,2
Justin Reid,31,27,0,127,39,166,3,5,183,1,15,0,3,1,0,1
LaRoy Reynolds,99,7,0,78,27,105,3,0,0,0,2,0,2,0,0,0
Luke Rhodes,52,0,0,5,0,5,0,0,0,0,0,0,0,0,0,0
Xavier Rhodes,104,97,0,318,54,372,15,10,159,1,73,0,0,0,0,3
Jordan Richards,68,19,0,74,22,96,0,0,0,0,6,0,2,0,1,2
Curtis Riley,43,19,0,98,23,121,2,5,69,1,8,0,0,0,0,1
Duke Riley,44,16,0,64,40,104,2,0,0,0,2,0,1,0,0,0
Darryl Roberts,56,26,0,155,17,172,4,3,16,0,27,1,0,0,0,0
Pete Robertson,6,0,0,2,2,4,0,0,0,0,0,0,0,0,0,0
Josh Robinson,93,21,0,162,20,182,3,5,90,0,15,0,0,0,0,2
Eric Rowe,53,32,0,121,42,163,2,3,35,1,24,0,0,0,0,1
Anthony Rush,9,0,0,6,3,9,3,0,0,0,2,0,0,0,0,0
Darnell Savage,14,14,0,42,13,55,1,2,37,0,5,0,0,0,0,2
Nick Scott,16,0,0,6,2,8,0,0,0,0,0,0,0,0,0,0
Niles Scott,6,0,0,4,0,4,0,0,0,0,0,0,0,0,0,0
Deadrin Senat,17,2,0,15,15,30,2,0,0,0,0,0,0,0,0,0
Josh Shaw,55,14,0,95,32,127,2,1,0,0,7,0,1,0,0,0
Kendall Sheffield,16,11,0,33,13,46,0,0,0,0,3,0,0,0,0,1
Brady Sheldon,3,0,0,0,0,0,0,0,0,0,0,0,0,0,0,0
LeShaun Sims,56,11,0,89,26,115,3,2,0,0,8,0,3,0,0,1
Alex Singleton,10,0,0,2,3,5,0,0,0,0,0,0,0,0,0,0
Deyon Sizer,1,0,0,0,1,1,0,0,0,0,0,0,0,0,0,0
Tanzel Smart,31,4,0,11,10,21,0,0,0,0,1,0,0,0,0,0
Cameron Smith,5,0,0,4,4,8,0,0,0,0,0,0,0,0,0,0
Keith Smith,79,12,0,27,10,37,0,0,0,0,0,0,0,0,0,5
Ryan Smith,57,16,0,94,19,113,1,1,0,0,12,0,2,6,0,4
Fish Smithson,2,0,0,0,1,1,0,0,0,0,0,0,0,0,0,0
E.J. Speed,12,0,0,4,3,7,1,0,0,0,0,0,0,0,0,0
Robert Spillane,10,0,0,8,3,11,0,0,0,0,0,0,0,0,0,0
M.J. Stewart,21,6,0,59,9,68,2,0,0,0,5,0,0,0,0,0
Kentavius Street,3,0,0,4,0,4,1,0,0,0,0,0,0,0,0,0
Kevin Strong,8,0,0,3,2,5,0,0,0,0,1,0,0,0,0,0
Ty Summers,16,0,0,2,2,4,0,0,0,0,0,0,0,0,0,0
Sione Takitaki,15,1,0,14,7,21,0,0,0,0,0,0,0,0,0,0
Cordrea Tankersley,17,11,0,26,10,36,1,0,0,0,7,0,0,0,0,0
Josiah Tauaefa,12,0,0,5,1,6,2,0,0,0,0,0,0,0,0,1
Jullian Taylor,12,0,0,11,5,16,4,0,0,0,1,0,1,10,0,0
Marvell Tell,13,1,0,23,3,26,0,0,0,0,5,0,0,0,0,1
Tavierre Thomas,29,0,0,11,6,17,0,0,0,0,0,0,1,0,0,0
Corey Thompson,18,1,0,12,9,21,2,0,0,0,0,0,0,0,0,1
Deionte Thompson,11,2,0,14,4,18,0,0,0,0,0,0,0,0,0,0
Jalen Thompson,15,9,0,45,12,57,0,1,18,0,3,0,1,24,0,0
Tedric Thompson,29,16,0,52,28,80,0,3,18,0,5,0,2,0,0,1
Juan Thornhill,16,16,0,42,16,58,0,3,46,1,5,0,0,0,0,0
Neiko Thorpe,85,2,0,83,16,99,1,1,-12,0,9,0,3,0,0,0
Kevin Toliver,27,2,0,25,4,29,0,0,0,0,4,0,0,0,0,0
Drue Tranquill,15,3,0,61,14,75,4,0,0,0,1,0,0,0,0,0
Brynden Trawick,91,1,0,64,17,81,1,1,0,0,2,0,0,0,0,0
Jacob Tuioti-Mariner,8,1,0,8,6,14,1,0,0,0,0,0,0,0,0,1
Josh Tupou,23,7,0,20,16,36,3,0,0,0,0,0,0,0,0,1
Zeke Turner,28,1,0,18,5,23,0,0,0,0,0,0,0,0,0,0
Eddie Vanderdoes,19,13,0,18,8,26,2,0,0,0,0,0,0,0,0,0
James Vaughters,3,0,0,3,0,3,0,0,0,0,0,0,0,0,0,0
Jason Verrett,26,23,0,72,8,80,2,5,68,1,19,0,1,0,0,0
Joe Walker,42,14,0,52,30,82,5,0,0,0,1,0,0,0,0,1
Tracy Walker,29,12,0,100,24,124,6,2,0,0,10,0,0,0,0,1
Levi Wallace,23,23,0,90,23,113,5,2,2,0,12,0,0,0,0,0
Charvarius Ward,29,18,0,82,22,104,0,2,10,0,13,0,0,0,0,1
Denzel Ward,25,24,0,79,18,97,6,5,87,1,22,0,3,35,0,1
Charles Washington,41,0,0,22,5,27,1,0,0,0,0,0,0,0,0,0
Brandon Watson,8,0,0,4,1,5,0,0,0,0,0,0,0,0,0,0
Josh Watson,8,0,0,2,0,2,0,0,0,0,0,0,0,0,0,0
Kayvon Webster,69,16,0,118,11,129,3,2,10,0,23,0,0,0,0,1
Ken Webster,8,5,0,17,2,19,0,0,0,0,1,0,0,0,0,0
Kyzir White,19,10,0,37,20,57,2,2,9,0,4,0,0,0,0,0
Jordan Whitehead,29,25,0,111,34,145,8,1,11,0,13,0,1,0,0,0
J.J. Wilcox,77,39,0,173,60,233,3,6,78,0,16,1,3,11,0,2
Mazzi Wilkins,5,0,0,3,0,3,0,0,0,0,0,0,0,0,0,0
Greedy Williams,12,12,0,37,10,47,2,0,0,0,2,0,0,0,0,0
Jordan Williams,2,0,0,1,1,2,0,0,0,0,0,0,0,0,0,0
Quincy Williams,11,8,0,30,18,48,2,0,0,0,0,0,0,0,0,0
Trevor Williams,39,27,0,93,17,110,4,3,114,0,22,0,1,0,0,0
Tyrell Williams,66,49,0,0,0,0,0,0,0,0,0,3,2,0,0,0
Gerald Willis,2,0,0,0,2,2,0,0,0,0,0,0,0,0,0,0
Khari Willis,14,9,0,53,18,71,2,0,0,0,1,0,0,0,0,0
Donovan Wilson,11,0,0,1,1,2,0,0,0,0,0,0,0,0,0,0
Jarrod Wilson,63,18,0,92,27,119,8,2,4,0,6,0,1,0,0,2
Quincy Wilson,29,10,0,48,13,61,2,2,33,0,8,0,1,38,0,0
Ramik Wilson,47,21,0,114,33,147,15,1,6,0,5,0,5,11,2,2
Jomal Wiltz,14,6,0,39,19,58,2,1,0,0,6,0,0,0,0,0
Ahkello Witherspoon,36,29,0,82,15,97,1,3,67,1,20,0,1,0,0,1
Zach Wood,48,0,0,1,0,1,0,0,0,0,0,0,0,0,0,0
Josh Woods,9,0,0,3,2,5,0,0,0,0,0,0,0,0,0,0
Xavier Woods,45,33,0,124,51,175,2,5,60,0,17,0,2,15,0,3
Xavier Woodson-Luster,18,0,0,6,6,12,0,0,0,0,0,0,0,0,0,0
Blidi Wreh-Wilson,60,17,0,103,20,123,1,1,34,0,24,0,0,0,0,1
Jonathan Wynn,1,0,0,0,1,1,0,0,0,0,0,0,0,0,0,0
Rock Ya-Sin,15,13,0,54,8,62,2,1,0,0,5,0,1,0,0,0
Isaac Yiadom,29,9,0,49,14,63,1,1,4,0,7,0,0,0,0,0
Trevon Young,2,0,0,0,0,0,0,0,0,0,0,0,1,0,0,0
Justin Zimmer,3,0,0,2,3,5,1,0,0,0,0,0,0,0,0,0
